1.176480000000000000e+05,1.276292999999999893e+03,4.715745000000000005e+02,3.184257000000000062e+02,7.376000000000000334e-01,3.870323999999999955e+02,9.930999999999999828e-01,1.184690000000000000e+05,6.914000000000000146e-01,1.481000000000000094e+00,9.075999999999999623e-01,8.206999999999999851e-01,4.000000000000000083e-03,2.700000000000000143e-03,6.735999999999999766e-01,9.976000000000000423e-01,1.121300999999999988e+02,1.103239999999999981e+02,1.047730999999999995e+02,3.618489999999999895e+01,3.045789999999999864e+01,3.093669999999999831e+01,-6.521000000000000130e-01,-1.589000000000000135e-01,-1.194999999999999951e-01,2.588799999999999990e+00,2.119499999999999940e+00,2.318099999999999827e+00,-1.584813056000000000e+10,-1.481774387200000000e+10,-1.339399680000000000e+10,5.607480000000000331e+01,5.516760000000000019e+01,5.239549999999999841e+01,2.000000000000000000e+00
3.240440000000000000e+05,2.162422099999999773e+03,8.184113999999999578e+02,5.086660999999999717e+02,7.833999999999999853e-01,6.423283000000000129e+02,9.900999999999999801e-01,3.272800000000000000e+05,7.481999999999999762e-01,1.608899999999999997e+00,8.708000000000000185e-01,7.848000000000000531e-01,2.500000000000000052e-03,1.600000000000000077e-03,6.159999999999999920e-01,9.910999999999999810e-01,1.077549999999999955e+02,9.698529999999999518e+01,9.867090000000000316e+01,4.074980000000000047e+01,3.797129999999999939e+01,3.318469999999999942e+01,-8.939999999999999336e-02,6.210999999999999854e-01,2.767999999999999905e-01,2.377800000000000136e+00,2.429699999999999971e+00,2.496199999999999974e+00,-4.181896806400000000e+10,-3.361433600000000000e+10,-3.332676403200000000e+10,5.387639999999999674e+01,4.849260000000000304e+01,4.933460000000000178e+01,6.000000000000000000e+00
3.465370000000000000e+05,2.315560100000000148e+03,9.102367000000000417e+02,4.860287000000000148e+02,8.455000000000000293e-01,6.642473999999999705e+02,9.850999999999999757e-01,3.517860000000000000e+05,6.473999999999999755e-01,1.872800000000000020e+00,8.122000000000000330e-01,7.298000000000000043e-01,2.599999999999999881e-03,1.399999999999999986e-03,5.324999999999999734e-01,9.972999999999999643e-01,5.285390000000000299e+01,5.904319999999999879e+01,7.491589999999999350e+01,2.217889999999999873e+01,2.151869999999999905e+01,2.048730000000000118e+01,1.279400000000000093e+00,1.463500000000000023e+00,3.763000000000000234e-01,6.006899999999999906e+00,7.094000000000000306e+00,3.449100000000000055e+00,-9.585511424000000000e+09,-1.168375398400000000e+10,-1.848577228800000000e+10,2.642610000000000170e+01,2.952179999999999893e+01,3.745739999999999981e+01,5.000000000000000000e+00
1.515540000000000000e+05,1.454797000000000025e+03,5.410280999999999949e+02,3.570083000000000197e+02,7.513999999999999568e-01,4.392773000000000252e+02,9.940999999999999837e-01,1.524570000000000000e+05,7.711000000000000076e-01,1.515400000000000080e+00,8.999000000000000332e-01,8.118999999999999551e-01,3.599999999999999901e-03,2.399999999999999790e-03,6.592000000000000082e-01,9.989999999999999991e-01,1.203431999999999960e+02,1.137172000000000054e+02,1.115772999999999939e+02,3.095799999999999841e+01,2.830320000000000036e+01,2.891959999999999908e+01,-5.567999999999999616e-01,-1.290999999999999925e-01,-4.223999999999999977e-01,2.756499999999999950e+00,2.013199999999999878e+00,2.470800000000000107e+00,-2.283624038400000000e+10,-2.006294323200000000e+10,-1.935334809600000000e+10,6.017110000000000269e+01,5.686169999999999902e+01,5.579050000000000153e+01,2.000000000000000000e+00
2.465580000000000000e+05,1.865241899999999987e+03,6.642223999999999933e+02,4.753473999999999933e+02,6.985000000000000098e-01,5.602921999999999798e+02,9.865000000000000435e-01,2.499390000000000000e+05,7.367000000000000215e-01,1.397299999999999986e+00,8.905999999999999472e-01,8.435000000000000275e-01,2.700000000000000143e-03,1.899999999999999996e-03,7.115000000000000213e-01,9.942999999999999616e-01,1.365561999999999898e+02,1.310400999999999954e+02,1.258078000000000003e+02,3.778009999999999735e+01,3.499000000000000199e+01,3.071679999999999922e+01,-4.969000000000000083e-01,-5.059999999999999915e-02,-2.250999999999999945e-01,2.561100000000000154e+00,1.766000000000000014e+00,1.937300000000000022e+00,-4.968138752000000000e+10,-4.512282624000000000e+10,-4.066838528000000000e+10,6.827760000000000673e+01,6.552119999999999322e+01,6.290480000000000160e+01,1.000000000000000000e+00
1.876670000000000000e+05,1.650647899999999936e+03,6.120896000000000186e+02,3.935074000000000183e+02,7.660000000000000142e-01,4.888201000000000249e+02,9.858999999999999986e-01,1.903420000000000000e+05,8.020000000000000462e-01,1.555500000000000105e+00,8.655000000000000471e-01,7.985999999999999766e-01,3.299999999999999982e-03,2.099999999999999870e-03,6.378000000000000336e-01,9.919999999999999929e-01,1.308045999999999935e+02,1.247600000000000051e+02,1.156848999999999990e+02,3.564070000000000249e+01,3.131670000000000087e+01,2.661739999999999995e+01,-5.832000000000000517e-01,-4.499999999999999660e-03,-5.299999999999999850e-02,2.530800000000000161e+00,1.806499999999999995e+00,2.002899999999999903e+00,-3.430259916800000000e+10,-3.052128460800000000e+10,-2.552284160000000000e+10,6.540449999999999875e+01,6.238020000000000209e+01,5.784380000000000166e+01,2.000000000000000000e+00
2.045080000000000000e+05,1.704655999999999949e+03,6.122499000000000251e+02,4.299134999999999991e+02,7.119999999999999662e-01,5.102819999999999823e+02,9.840999999999999748e-01,2.078100000000000000e+05,7.750000000000000222e-01,1.424099999999999921e+00,8.843999999999999639e-01,8.335000000000000187e-01,3.000000000000000062e-03,2.099999999999999870e-03,6.945999999999999952e-01,9.892999999999999572e-01,8.671970000000000312e+01,8.229399999999999693e+01,9.546699999999999875e+01,3.200249999999999773e+01,2.822700000000000031e+01,2.968990000000000151e+01,7.650000000000000133e-01,1.113499999999999934e+00,6.239000000000000101e-01,3.525900000000000034e+00,4.201900000000000190e+00,3.414899999999999824e+00,-1.624976793600000000e+10,-1.417349017600000000e+10,-1.919304704000000000e+10,4.335990000000000322e+01,4.114959999999999951e+01,4.773689999999999856e+01,2.000000000000000000e+00
3.695520000000000000e+05,2.425309099999999944e+03,9.070521999999999707e+02,5.207839999999999918e+02,8.187999999999999723e-01,6.859506000000000085e+02,9.777000000000000135e-01,3.779650000000000000e+05,7.579000000000000181e-01,1.741700000000000026e+00,7.894999999999999796e-01,7.561999999999999833e-01,2.500000000000000052e-03,1.399999999999999986e-03,5.718999999999999639e-01,9.960999999999999854e-01,5.734409999999999741e+01,6.499939999999999429e+01,7.961459999999999582e+01,1.977349999999999852e+01,2.244229999999999947e+01,2.236830000000000140e+01,5.711000000000000520e-01,1.514000000000000012e+00,-1.526000000000000134e-01,5.150900000000000034e+00,8.602199999999999847e+00,3.321899999999999853e+00,-1.145146880000000000e+10,-1.519100518400000000e+10,-2.266585292800000000e+10,2.867129999999999868e+01,3.249819999999999709e+01,3.980599999999999739e+01,5.000000000000000000e+00
4.463180000000000000e+05,2.426532000000000153e+03,8.490756000000000085e+02,6.727661000000000513e+02,6.100999999999999757e-01,7.538366999999999507e+02,9.943999999999999506e-01,4.488520000000000000e+05,7.839000000000000412e-01,1.262100000000000000e+00,9.525000000000000133e-01,8.878000000000000336e-01,1.899999999999999996e-03,1.500000000000000031e-03,7.882000000000000117e-01,9.948000000000000176e-01,8.547740000000000293e+01,8.588179999999999836e+01,8.324649999999999750e+01,2.971450000000000102e+01,2.762999999999999901e+01,2.992749999999999844e+01,2.356999999999999929e-01,7.879000000000000448e-01,4.867000000000000215e-01,3.349000000000000199e+00,4.662799999999999834e+00,3.993599999999999817e+00,-3.369618636800000000e+10,-3.340972032000000000e+10,-3.210558259200000000e+10,4.273530000000000229e+01,4.293950000000000244e+01,4.162140000000000128e+01,3.000000000000000000e+00
2.704950000000000000e+05,1.909203999999999951e+03,6.804978999999999587e+02,5.067375000000000114e+02,6.673999999999999932e-01,5.868601999999999634e+02,9.929999999999999938e-01,2.724120000000000000e+05,7.761000000000000121e-01,1.342899999999999983e+00,9.324999999999999956e-01,8.624000000000000554e-01,2.500000000000000052e-03,1.899999999999999996e-03,7.437000000000000277e-01,9.988000000000000211e-01,1.025699000000000041e+02,9.115219999999999345e+01,9.185569999999999879e+01,3.711529999999999774e+01,3.450300000000000011e+01,2.514979999999999905e+01,3.899000000000000243e-01,8.047999999999999599e-01,3.489999999999999769e-01,2.543000000000000149e+00,2.968399999999999928e+00,2.954899999999999860e+00,-3.093850112000000000e+10,-2.420147814400000000e+10,-2.269783654400000000e+10,5.128329999999999700e+01,4.557639999999999958e+01,4.592680000000000007e+01,1.000000000000000000e+00
4.431330000000000000e+05,2.517076900000000023e+03,8.745991000000000213e+02,6.533885000000000218e+02,6.646999999999999575e-01,7.511421000000000276e+02,9.800999999999999712e-01,4.521390000000000000e+05,7.204000000000000403e-01,1.338600000000000012e+00,8.789000000000000146e-01,8.588000000000000078e-01,2.000000000000000042e-03,1.500000000000000031e-03,7.376000000000000334e-01,9.872999999999999554e-01,1.059750999999999976e+02,1.003806000000000012e+02,1.106508000000000038e+02,3.038129999999999953e+01,2.743649999999999878e+01,2.802009999999999934e+01,2.164999999999999980e-01,3.932999999999999829e-01,-1.625000000000000056e-01,2.692499999999999893e+00,2.916700000000000070e+00,2.366099999999999870e+00,-5.146045235200000000e+10,-4.524736921600000000e+10,-5.536906444800000000e+10,5.298740000000000094e+01,5.018849999999999767e+01,5.532240000000000180e+01,4.000000000000000000e+00
1.429550000000000000e+05,1.454557000000000016e+03,5.589067000000000007e+02,3.264682999999999993e+02,8.116999999999999771e-01,4.266333000000000197e+02,9.876000000000000334e-01,1.447550000000000000e+05,7.503999999999999559e-01,1.711999999999999966e+00,8.490999999999999659e-01,7.632999999999999785e-01,3.899999999999999821e-03,2.299999999999999961e-03,5.826999999999999957e-01,9.975000000000000533e-01,1.407592999999999961e+02,1.427710999999999899e+02,1.277278000000000020e+02,3.425050000000000239e+01,2.780819999999999936e+01,2.463040000000000163e+01,-8.908000000000000362e-01,-5.913000000000000478e-01,-4.120000000000000051e-02,3.069300000000000139e+00,2.554499999999999993e+00,2.872399999999999842e+00,-3.015546675200000000e+10,-3.033149644800000000e+10,-2.372149452800000000e+10,7.037590000000000146e+01,7.138240000000000407e+01,6.386280000000000001e+01,2.000000000000000000e+00
1.319940000000000000e+05,1.386019999999999982e+03,5.256892000000000280e+02,3.206077000000000226e+02,7.924999999999999822e-01,4.099511999999999716e+02,9.887000000000000233e-01,1.335070000000000000e+05,7.832000000000000073e-01,1.639699999999999935e+00,8.633999999999999453e-01,7.798000000000000487e-01,4.000000000000000083e-03,2.399999999999999790e-03,6.080999999999999739e-01,9.971999999999999753e-01,1.372201000000000022e+02,1.228357000000000028e+02,1.168633999999999986e+02,2.996529999999999916e+01,2.581889999999999930e+01,2.439020000000000010e+01,-9.543000000000000371e-01,-4.568999999999999728e-01,-2.823999999999999844e-01,3.424799999999999844e+00,2.528599999999999959e+00,2.708400000000000141e+00,-2.596536524800000000e+10,-2.026572800000000000e+10,-1.814335283200000000e+10,6.861239999999999384e+01,6.142090000000000316e+01,5.843460000000000321e+01,2.000000000000000000e+00
1.431680000000000000e+05,1.438640000000000100e+03,5.222192000000000007e+02,3.509827999999999975e+02,7.405000000000000471e-01,4.269510000000000218e+02,9.856000000000000316e-01,1.452620000000000000e+05,7.835999999999999632e-01,1.487900000000000000e+00,8.692999999999999616e-01,8.175999999999999934e-01,3.599999999999999901e-03,2.500000000000000052e-03,6.683999999999999941e-01,9.945000000000000506e-01,1.523454999999999870e+02,1.500144999999999982e+02,1.253329999999999984e+02,3.403000000000000114e+01,2.889809999999999945e+01,3.068179999999999907e+01,-1.266899999999999915e+00,-9.576999999999999957e-01,-3.982999999999999874e-01,4.083400000000000141e+00,3.577100000000000168e+00,2.389499999999999957e+00,-3.552687718400000000e+10,-3.382733209600000000e+10,-2.342340403200000000e+10,7.616930000000000689e+01,7.500570000000000448e+01,6.266530000000000200e+01,2.000000000000000000e+00
2.174860000000000000e+05,1.759135999999999967e+03,6.289556999999999789e+02,4.420541999999999803e+02,7.113000000000000433e-01,5.262241000000000213e+02,9.899000000000000021e-01,2.197010000000000000e+05,7.659000000000000252e-01,1.422800000000000065e+00,8.831999999999999851e-01,8.366999999999999993e-01,2.899999999999999800e-03,2.000000000000000042e-03,6.999999999999999556e-01,9.959999999999999964e-01,1.283266000000000133e+02,1.204128000000000043e+02,1.102402000000000015e+02,4.238550000000000040e+01,4.499549999999999983e+01,3.175540000000000163e+01,-2.008999999999999952e-01,-1.454000000000000015e-01,-1.782999999999999863e-01,1.708199999999999941e+00,1.627199999999999980e+00,2.262399999999999967e+00,-3.970859008000000000e+10,-3.572107264000000000e+10,-2.756460748800000000e+10,6.415989999999999327e+01,6.020450000000000301e+01,5.511659999999999826e+01,1.000000000000000000e+00
2.509470000000000000e+05,1.905284100000000080e+03,7.324460000000000264e+02,4.390812000000000239e+02,8.004000000000000004e-01,5.652571000000000367e+02,9.908000000000000140e-01,2.532870000000000000e+05,7.651000000000000023e-01,1.668099999999999916e+00,8.687000000000000277e-01,7.717000000000000526e-01,2.899999999999999800e-03,1.699999999999999905e-03,5.956000000000000183e-01,9.935000000000000497e-01,1.017774000000000001e+02,9.023600000000000421e+01,9.126080000000000325e+01,3.472619999999999862e+01,3.205749999999999744e+01,2.754439999999999955e+01,4.929999999999999660e-02,5.426999999999999602e-01,3.955000000000000182e-01,2.040200000000000014e+00,2.268499999999999961e+00,2.367300000000000182e+00,-2.772935270400000000e+10,-2.151814144000000000e+10,-2.116617216000000000e+10,5.088870000000000005e+01,4.511599999999999966e+01,4.562960000000000349e+01,1.000000000000000000e+00
1.589240000000000000e+05,1.497395999999999958e+03,5.492912000000000035e+02,3.709325000000000045e+02,7.375000000000000444e-01,4.498315000000000055e+02,9.886000000000000343e-01,1.607550000000000000e+05,8.114999999999999991e-01,1.480799999999999894e+00,8.907000000000000473e-01,8.188999999999999613e-01,3.500000000000000073e-03,2.299999999999999961e-03,6.705999999999999739e-01,9.930999999999999828e-01,9.574660000000000082e+01,8.630880000000000507e+01,9.414140000000000441e+01,3.231510000000000105e+01,2.924020000000000152e+01,2.985079999999999956e+01,3.559999999999999970e-02,5.209000000000000297e-01,2.550000000000000044e-01,2.456300000000000150e+00,3.023699999999999832e+00,2.860199999999999854e+00,-1.529703014400000000e+10,-1.218340761600000000e+10,-1.451573452800000000e+10,4.787449999999999761e+01,4.315849999999999653e+01,4.707480000000000331e+01,2.000000000000000000e+00
3.296910000000000000e+05,2.811997100000000046e+03,8.992563000000000102e+02,4.751782999999999788e+02,8.489999999999999769e-01,6.479008999999999787e+02,9.650999999999999579e-01,3.415970000000000000e+05,8.047999999999999599e-01,1.892500000000000071e+00,5.239000000000000323e-01,7.205000000000000293e-01,2.700000000000000143e-03,1.399999999999999986e-03,5.191000000000000059e-01,9.824000000000000510e-01,5.519480000000000075e+01,5.501879999999999882e+01,7.165640000000000498e+01,2.479970000000000141e+01,2.415940000000000154e+01,2.321709999999999852e+01,1.810200000000000031e+00,1.932700000000000085e+00,5.693000000000000282e-01,8.549099999999999255e+00,8.879099999999999326e+00,4.003899999999999793e+00,-1.036474265600000000e+10,-1.019431116800000000e+10,-1.652611174400000000e+10,2.759580000000000055e+01,2.750939999999999941e+01,3.582699999999999818e+01,5.000000000000000000e+00
4.018630000000000000e+05,2.463081999999999880e+03,8.523125999999999749e+02,6.176403000000000247e+02,6.891000000000000458e-01,7.153096000000000458e+02,9.818000000000000060e-01,4.093260000000000000e+05,7.459999999999999964e-01,1.379899999999999904e+00,8.324000000000000288e-01,8.393000000000000460e-01,2.099999999999999870e-03,1.500000000000000031e-03,7.044000000000000261e-01,9.719999999999999751e-01,1.241546000000000021e+02,1.146771999999999991e+02,1.116676999999999964e+02,3.000100000000000122e+01,2.819750000000000156e+01,2.648930000000000007e+01,-6.320999999999999952e-01,-3.156999999999999806e-01,-2.921000000000000263e-01,3.265899999999999803e+00,2.600299999999999834e+00,3.173500000000000210e+00,-6.425510707200000000e+10,-5.408595148800000000e+10,-5.074271436800000000e+10,6.208010000000000161e+01,5.733970000000000056e+01,5.583539999999999992e+01,4.000000000000000000e+00
1.299980000000000000e+05,1.385066000000000031e+03,5.114418999999999755e+02,3.249083999999999719e+02,7.722999999999999865e-01,4.068398000000000252e+02,9.838999999999999968e-01,1.321230000000000000e+05,7.913999999999999924e-01,1.574100000000000055e+00,8.515000000000000346e-01,7.954999999999999849e-01,3.899999999999999821e-03,2.500000000000000052e-03,6.328000000000000291e-01,9.960999999999999854e-01,1.479224000000000103e+02,1.470918000000000063e+02,1.306118999999999915e+02,3.131090000000000018e+01,2.811329999999999885e+01,2.781330000000000169e+01,-8.046999999999999709e-01,-7.813999999999999835e-01,-1.875000000000000000e-01,3.195100000000000051e+00,3.616000000000000103e+00,2.520300000000000207e+00,-3.006368768000000000e+10,-2.939690188800000000e+10,-2.288710246400000000e+10,7.396410000000000196e+01,7.354760000000000275e+01,6.531090000000000373e+01,2.000000000000000000e+00
3.690530000000000000e+05,2.355498999999999796e+03,9.242039999999999509e+02,5.108777000000000044e+02,8.333000000000000407e-01,6.854873000000000047e+02,9.881999999999999673e-01,3.734740000000000000e+05,6.514999999999999680e-01,1.809099999999999930e+00,8.358999999999999764e-01,7.417000000000000259e-01,2.500000000000000052e-03,1.399999999999999986e-03,5.501000000000000334e-01,9.951999999999999735e-01,6.080570000000000164e+01,6.575769999999999982e+01,7.860020000000000095e+01,2.265830000000000055e+01,2.159870000000000090e+01,2.287849999999999895e+01,2.524000000000000132e-01,9.509999999999999565e-01,-1.509000000000000064e-01,2.783199999999999896e+00,5.969199999999999839e+00,2.868100000000000094e+00,-1.333476966400000000e+10,-1.533973094400000000e+10,-2.215340236800000000e+10,3.040139999999999887e+01,3.287789999999999679e+01,3.929899999999999949e+01,5.000000000000000000e+00
3.462640000000000000e+05,2.140351099999999860e+03,7.442978000000000520e+02,5.947830999999999904e+02,6.011999999999999567e-01,6.639856999999999516e+02,9.927000000000000268e-01,3.488200000000000000e+05,7.725999999999999535e-01,1.251400000000000068e+00,9.497999999999999776e-01,8.921000000000000041e-01,2.099999999999999870e-03,1.699999999999999905e-03,7.957999999999999519e-01,9.959000000000000075e-01,6.946980000000000643e+01,7.195250000000000057e+01,6.868859999999999388e+01,2.378049999999999997e+01,2.345410000000000039e+01,2.878879999999999839e+01,4.032999999999999918e-01,1.572899999999999965e+00,1.020399999999999974e+00,3.095499999999999918e+00,7.275000000000000355e+00,3.927000000000000046e+00,-1.642946048000000000e+10,-1.757876428800000000e+10,-1.716531507200000000e+10,3.473720000000000141e+01,3.597959999999999781e+01,3.434790000000000276e+01,3.000000000000000000e+00
2.872910000000000000e+05,2.121585900000000038e+03,8.367213000000000420e+02,4.400022999999999911e+02,8.506000000000000227e-01,6.048060000000000400e+02,9.798000000000000043e-01,2.932230000000000000e+05,6.604999999999999760e-01,1.901599999999999957e+00,8.021000000000000352e-01,7.227999999999999980e-01,2.899999999999999800e-03,1.500000000000000031e-03,5.224999999999999645e-01,9.936000000000000387e-01,5.370060000000000144e+01,6.020790000000000219e+01,7.251489999999999725e+01,2.291769999999999996e+01,2.249510000000000076e+01,1.873039999999999949e+01,2.733499999999999819e+00,2.344500000000000028e+00,6.487000000000000544e-01,1.476810000000000045e+01,1.070129999999999981e+01,4.109799999999999898e+00,-8.333841408000000000e+09,-1.022451097600000000e+10,-1.411606118400000000e+10,2.685060000000000002e+01,3.010539999999999949e+01,3.625829999999999842e+01,5.000000000000000000e+00
3.422490000000000000e+05,2.263872100000000046e+03,8.616222999999999956e+02,5.072628000000000270e+02,8.083000000000000185e-01,6.601249000000000251e+02,9.805000000000000382e-01,3.490530000000000000e+05,7.618000000000000327e-01,1.698600000000000110e+00,8.391999999999999460e-01,7.661000000000000032e-01,2.500000000000000052e-03,1.500000000000000031e-03,5.869999999999999662e-01,9.969999999999999973e-01,6.399110000000000298e+01,6.494740000000000180e+01,7.849790000000000134e+01,2.880979999999999919e+01,2.585429999999999851e+01,2.302730000000000032e+01,2.123499999999999943e+00,1.705600000000000005e+00,2.474999999999999978e-01,9.656599999999999184e+00,6.892299999999999649e+00,2.711699999999999999e+00,-1.499562086400000000e+10,-1.472103116800000000e+10,-2.053076582400000000e+10,3.199259999999999948e+01,3.247399999999999665e+01,3.924790000000000134e+01,5.000000000000000000e+00
3.776120000000000000e+05,2.362447999999999865e+03,8.292472999999999956e+02,5.891064000000000078e+02,7.037999999999999812e-01,6.933905999999999494e+02,9.791999999999999593e-01,3.856370000000000000e+05,7.306000000000000272e-01,1.407599999999999962e+00,8.501999999999999558e-01,8.362000000000000544e-01,2.200000000000000133e-03,1.600000000000000077e-03,6.992000000000000437e-01,9.841999999999999638e-01,1.155387000000000057e+02,1.148062000000000040e+02,1.057887999999999948e+02,3.316389999999999816e+01,2.932209999999999894e+01,2.836139999999999972e+01,-7.208999999999999853e-01,-5.372999999999999998e-01,-4.353000000000000203e-01,2.623000000000000220e+00,2.456199999999999939e+00,2.709900000000000198e+00,-5.299867238400000000e+10,-5.122924953600000000e+10,-4.310587392000000000e+10,5.776859999999999928e+01,5.740339999999999776e+01,5.289529999999999887e+01,4.000000000000000000e+00
3.853290000000000000e+05,2.262315900000000056e+03,7.825710000000000264e+02,6.327899999999999636e+02,5.884000000000000341e-01,7.004398999999999660e+02,9.933999999999999497e-01,3.878720000000000000e+05,7.780000000000000249e-01,1.236699999999999910e+00,9.461000000000000520e-01,8.950000000000000178e-01,2.000000000000000042e-03,1.600000000000000077e-03,8.011000000000000343e-01,9.907000000000000250e-01,9.181380000000000052e+01,8.924729999999999563e+01,8.776590000000000202e+01,2.343909999999999982e+01,2.342650000000000077e+01,2.958330000000000126e+01,1.406000000000000028e-01,7.723999999999999755e-01,2.993000000000000105e-01,4.751000000000000334e+00,4.553300000000000125e+00,3.129900000000000126e+00,-3.190567321600000000e+10,-3.012345856000000000e+10,-3.059771596800000000e+10,4.590599999999999881e+01,4.462160000000000082e+01,4.388190000000000168e+01,3.000000000000000000e+00
3.736270000000000000e+05,2.634643999999999778e+03,8.608875000000000455e+02,5.556307000000000471e+02,7.638000000000000345e-01,6.897222000000000435e+02,9.715000000000000302e-01,3.845880000000000000e+05,7.381999999999999673e-01,1.549400000000000110e+00,6.764000000000000012e-01,8.012000000000000233e-01,2.299999999999999961e-03,1.500000000000000031e-03,6.419000000000000261e-01,9.945000000000000506e-01,7.639459999999999695e+01,6.407850000000000534e+01,6.273219999999999885e+01,1.904400000000000048e+01,2.140490000000000137e+01,2.127949999999999875e+01,1.016999999999999987e-01,1.222900000000000098e+00,1.083599999999999897e+00,3.660099999999999909e+00,6.930200000000000138e+00,6.820500000000000007e+00,-2.048845209600000000e+10,-1.473355776000000000e+10,-1.410526720000000000e+10,3.819749999999999801e+01,3.204050000000000153e+01,3.136670000000000158e+01,6.000000000000000000e+00
4.102450000000000000e+05,2.504620100000000093e+03,8.941769000000000460e+02,5.966317999999999984e+02,7.448000000000000176e-01,7.227309999999999945e+02,9.824000000000000510e-01,4.175770000000000000e+05,7.590000000000000080e-01,1.498699999999999921e+00,8.217999999999999750e-01,8.083000000000000185e-01,2.200000000000000133e-03,1.500000000000000031e-03,6.532999999999999918e-01,9.790999999999999703e-01,1.327884999999999991e+02,1.261778999999999940e+02,1.243302000000000049e+02,2.932600000000000051e+01,2.692139999999999844e+01,2.583579999999999899e+01,-3.311000000000000054e-01,-2.544000000000000150e-01,-7.006999999999999895e-01,2.791399999999999881e+00,2.882000000000000117e+00,3.932999999999999829e+00,-7.520982630400000000e+10,-6.694483968000000000e+10,-6.459674214400000000e+10,6.639199999999999591e+01,6.308700000000000330e+01,6.216279999999999717e+01,4.000000000000000000e+00
3.213120000000000000e+05,2.204245100000000093e+03,8.882299000000000433e+02,4.643716000000000008e+02,8.525000000000000355e-01,6.396149000000000342e+02,9.872999999999999554e-01,3.254580000000000000e+05,6.594999999999999751e-01,1.912800000000000056e+00,8.309999999999999609e-01,7.200999999999999623e-01,2.799999999999999972e-03,1.399999999999999986e-03,5.184999999999999609e-01,9.919000000000000039e-01,5.649479999999999791e+01,5.718119999999999692e+01,6.351319999999999766e+01,2.032689999999999841e+01,1.932969999999999899e+01,1.705979999999999919e+01,5.672000000000000375e-01,2.328199999999999825e+00,1.283400000000000096e+00,3.805099999999999927e+00,1.231170000000000009e+01,7.207300000000000040e+00,-9.751510016000000000e+09,-9.878406144000000000e+09,-1.183372083200000000e+10,2.824889999999999901e+01,2.859299999999999997e+01,3.175900000000000034e+01,5.000000000000000000e+00
1.498060000000000000e+05,1.435439900000000080e+03,5.269438999999999851e+02,3.621403999999999996e+02,7.264000000000000457e-01,4.367366999999999848e+02,9.939999999999999947e-01,1.507110000000000000e+05,7.497000000000000330e-01,1.455100000000000060e+00,9.135999999999999677e-01,8.287999999999999812e-01,3.500000000000000073e-03,2.399999999999999790e-03,6.868999999999999551e-01,9.995000000000000551e-01,8.645470000000000255e+01,8.419010000000000105e+01,8.651730000000000587e+01,2.742129999999999868e+01,2.292749999999999844e+01,2.364780000000000015e+01,-5.160000000000000142e-01,3.262999999999999790e-01,3.548000000000000043e-01,2.732699999999999907e+00,3.491999999999999993e+00,3.157000000000000028e+00,-1.131080499200000000e+10,-1.035028992000000000e+10,-1.100419481600000000e+10,4.322310000000000230e+01,4.209170000000000300e+01,4.325639999999999930e+01,2.000000000000000000e+00
2.961010000000000000e+05,2.069205100000000130e+03,7.726998999999999569e+02,4.930547000000000253e+02,7.700000000000000178e-01,6.140093000000000529e+02,9.811999999999999611e-01,3.017610000000000000e+05,8.024000000000000021e-01,1.567199999999999926e+00,8.689999999999999947e-01,7.945999999999999730e-01,2.599999999999999881e-03,1.699999999999999905e-03,6.313999999999999613e-01,9.896000000000000352e-01,1.047356000000000051e+02,8.936310000000000286e+01,8.681239999999999668e+01,3.361590000000000344e+01,2.965210000000000079e+01,2.975120000000000076e+01,-5.645000000000000018e-01,6.219999999999999835e-02,3.900000000000000133e-01,2.377499999999999947e+00,2.568400000000000016e+00,2.686999999999999833e+00,-3.427538329600000000e+10,-2.435831193600000000e+10,-2.305880678400000000e+10,5.236800000000000210e+01,4.468310000000000315e+01,4.340690000000000026e+01,6.000000000000000000e+00
4.299840000000000000e+05,2.502549100000000180e+03,9.195030000000000427e+02,5.977714999999999463e+02,7.598000000000000309e-01,7.399139000000000124e+02,9.896000000000000352e-01,4.345080000000000000e+05,6.715999999999999748e-01,1.538200000000000012e+00,8.628000000000000114e-01,8.046999999999999709e-01,2.099999999999999870e-03,1.399999999999999986e-03,6.474999999999999645e-01,9.959999999999999964e-01,5.588589999999999947e+01,5.715870000000000317e+01,6.569589999999999463e+01,1.791359999999999886e+01,1.959440000000000026e+01,2.053979999999999961e+01,5.675999999999999934e-01,2.695199999999999818e+00,5.707999999999999741e-01,5.176000000000000156e+00,1.567929999999999957e+01,4.799699999999999633e+00,-1.233697177600000000e+10,-1.326939340800000000e+10,-1.760493977600000000e+10,2.794129999999999825e+01,2.857880000000000109e+01,3.284729999999999706e+01,5.000000000000000000e+00
1.781370000000000000e+05,1.613375000000000000e+03,6.117780000000000200e+02,3.714033999999999764e+02,7.945999999999999730e-01,4.762468999999999824e+02,9.872999999999999554e-01,1.804220000000000000e+05,7.742999999999999883e-01,1.647199999999999998e+00,8.599999999999999867e-01,7.784999999999999698e-01,3.399999999999999811e-03,2.099999999999999870e-03,6.059999999999999831e-01,9.981999999999999762e-01,1.430228999999999928e+02,1.438988999999999976e+02,1.284096000000000117e+02,3.776200000000000045e+01,3.053460000000000107e+01,3.018720000000000070e+01,-1.002999999999999892e+00,-9.088000000000000522e-01,-4.555000000000000160e-01,2.925600000000000200e+00,2.954000000000000181e+00,2.399900000000000144e+00,-3.939694592000000000e+10,-3.878155468800000000e+10,-3.057031782400000000e+10,7.150790000000000646e+01,7.194719999999999516e+01,6.420279999999999632e+01,2.000000000000000000e+00
2.164870000000000000e+05,1.746855999999999995e+03,6.599696000000000140e+02,4.201558999999999742e+02,7.711999999999999966e-01,5.250140999999999849e+02,9.922999999999999599e-01,2.181760000000000000e+05,8.106999999999999762e-01,1.570799999999999974e+00,8.914999999999999591e-01,7.954999999999999849e-01,3.000000000000000062e-03,1.899999999999999996e-03,6.328000000000000291e-01,9.939999999999999947e-01,9.311039999999999850e+01,8.220999999999999375e+01,7.950769999999999982e+01,3.558129999999999882e+01,3.186769999999999925e+01,2.236659999999999826e+01,-3.669999999999999929e-01,3.899999999999999994e-02,-1.779000000000000026e-01,2.055099999999999927e+00,1.822200000000000042e+00,2.893899999999999917e+00,-2.028197273600000000e+10,-1.549254144000000000e+10,-1.324212633600000000e+10,4.655599999999999739e+01,4.110920000000000130e+01,3.975619999999999976e+01,1.000000000000000000e+00
4.200440000000000000e+05,2.391123000000000047e+03,8.369279999999999973e+02,6.451821999999999662e+02,6.370000000000000107e-01,7.313115999999999985e+02,9.918000000000000149e-01,4.235310000000000000e+05,7.852999999999999980e-01,1.297199999999999909e+00,9.232000000000000206e-01,8.738000000000000211e-01,2.000000000000000042e-03,1.500000000000000031e-03,7.634999999999999565e-01,9.905000000000000471e-01,1.298143000000000029e+02,1.165491999999999990e+02,9.696389999999999532e+01,3.204500000000000171e+01,2.711769999999999925e+01,3.542210000000000036e+01,-3.274000000000000243e-01,3.494999999999999774e-01,1.191200000000000037e+00,3.372900000000000009e+00,4.289799999999999613e+00,5.463700000000000223e+00,-7.434112204800000000e+10,-5.817218252800000000e+10,-4.264055603200000000e+10,6.490940000000000509e+01,5.827709999999999724e+01,4.848199999999999932e+01,0.000000000000000000e+00
4.020630000000000000e+05,2.547896999999999935e+03,8.842006000000000085e+02,6.066811000000000149e+02,7.275000000000000355e-01,7.154876000000000431e+02,9.373000000000000220e-01,4.289380000000000000e+05,7.167999999999999927e-01,1.457400000000000029e+00,7.782999999999999918e-01,8.092000000000000304e-01,2.200000000000000133e-03,1.500000000000000031e-03,6.548000000000000487e-01,9.543000000000000371e-01,1.412013000000000034e+02,1.326209000000000060e+02,1.264348999999999990e+02,4.041899999999999693e+01,3.868090000000000117e+01,4.242280000000000229e+01,-5.342999999999999972e-01,-2.702999999999999847e-01,-2.034999999999999865e-01,2.446200000000000152e+00,1.997500000000000053e+00,2.111800000000000122e+00,-8.774385664000000000e+10,-7.675885158400000000e+10,-7.132131328000000000e+10,7.059919999999999618e+01,6.630899999999999750e+01,6.321750000000000114e+01,4.000000000000000000e+00
1.560870000000000000e+05,1.497073000000000093e+03,5.602501999999999498e+02,3.569696999999999889e+02,7.707000000000000517e-01,4.457982999999999834e+02,9.893999999999999462e-01,1.577580000000000000e+05,7.376000000000000334e-01,1.569499999999999895e+00,8.751999999999999780e-01,7.956999999999999629e-01,3.599999999999999901e-03,2.299999999999999961e-03,6.331999999999999851e-01,9.937000000000000277e-01,1.401319000000000017e+02,1.398936999999999955e+02,1.213883000000000010e+02,3.105590000000000117e+01,2.360129999999999839e+01,2.411420000000000030e+01,-1.107599999999999918e+00,-6.133999999999999453e-01,-5.087000000000000410e-01,3.802900000000000169e+00,2.680099999999999927e+00,2.548200000000000021e+00,-3.220760576000000000e+10,-3.129821798400000000e+10,-2.321060864000000000e+10,7.006550000000000011e+01,6.994689999999999941e+01,6.069480000000000075e+01,2.000000000000000000e+00
3.532190000000000000e+05,2.326469999999999800e+03,8.219995000000000118e+02,5.580137999999999465e+02,7.342999999999999527e-01,6.706209000000000060e+02,9.693000000000000504e-01,3.644200000000000000e+05,7.339999999999999858e-01,1.473100000000000076e+00,8.201000000000000512e-01,8.157999999999999696e-01,2.299999999999999961e-03,1.600000000000000077e-03,6.655999999999999694e-01,9.805000000000000382e-01,9.543099999999999739e+01,8.665279999999999916e+01,9.214770000000000039e+01,2.817909999999999826e+01,2.654159999999999897e+01,2.678290000000000148e+01,1.016999999999999987e-01,3.430000000000000271e-01,1.099999999999999936e-02,2.375300000000000189e+00,2.769200000000000106e+00,2.825400000000000134e+00,-3.272110489600000000e+10,-2.664228659200000000e+10,-3.017590988800000000e+10,4.771340000000000003e+01,4.332620000000000005e+01,4.607289999999999708e+01,4.000000000000000000e+00
1.149870000000000000e+05,1.249179000000000087e+03,4.557418000000000120e+02,3.218138999999999896e+02,7.080999999999999517e-01,3.826304000000000087e+02,9.915000000000000480e-01,1.159680000000000000e+05,7.674999999999999600e-01,1.416199999999999903e+00,9.260000000000000453e-01,8.396000000000000130e-01,4.000000000000000083e-03,2.799999999999999972e-03,7.048999999999999710e-01,9.981999999999999762e-01,1.073572000000000060e+02,9.790510000000000446e+01,1.024415000000000049e+02,2.736449999999999960e+01,2.089580000000000126e+01,2.215350000000000108e+01,-9.381000000000000449e-01,-2.003000000000000058e-01,9.919999999999999651e-02,3.167100000000000026e+00,5.242899999999999672e+00,3.743700000000000028e+00,-1.344061235200000000e+10,-1.071233228800000000e+10,-1.186332262400000000e+10,5.367580000000000240e+01,4.895329999999999870e+01,5.121979999999999933e+01,2.000000000000000000e+00
3.608760000000000000e+05,2.298827900000000227e+03,8.082623999999999569e+02,5.732374999999999545e+02,7.049999999999999600e-01,6.778506999999999607e+02,9.836000000000000298e-01,3.668750000000000000e+05,7.381999999999999673e-01,1.409999999999999920e+00,8.580999999999999739e-01,8.387000000000000011e-01,2.200000000000000133e-03,1.600000000000000077e-03,7.033000000000000362e-01,9.917000000000000259e-01,1.392468000000000075e+02,1.311025999999999954e+02,1.255114999999999981e+02,3.695009999999999906e+01,3.419650000000000034e+01,3.270400000000000063e+01,-5.825000000000000178e-01,-4.319000000000000061e-01,-2.772000000000000020e-01,2.468999999999999861e+00,2.251700000000000035e+00,2.374600000000000044e+00,-7.535424307200000000e+10,-6.582532915200000000e+10,-5.980212838400000000e+10,6.962579999999999814e+01,6.555610000000000070e+01,6.275849999999999795e+01,4.000000000000000000e+00
2.971740000000000000e+05,2.155958999999999833e+03,7.797753000000000156e+02,4.884755000000000109e+02,7.794999999999999707e-01,6.151208000000000311e+02,9.716000000000000192e-01,3.058520000000000000e+05,6.637999999999999456e-01,1.596300000000000052e+00,8.034000000000000030e-01,7.887999999999999456e-01,2.599999999999999881e-03,1.600000000000000077e-03,6.222999999999999643e-01,9.933999999999999497e-01,5.164690000000000225e+01,5.690270000000000294e+01,6.448919999999999675e+01,2.817869999999999919e+01,2.492350000000000065e+01,1.843179999999999907e+01,2.239599999999999813e+00,2.040200000000000014e+00,7.420999999999999819e-01,8.857499999999999929e+00,7.752399999999999736e+00,4.782000000000000028e+00,-8.952644608000000000e+09,-9.902926848000000000e+09,-1.145190604800000000e+10,2.582469999999999999e+01,2.845479999999999876e+01,3.224770000000000181e+01,5.000000000000000000e+00
1.129140000000000000e+05,1.257132000000000062e+03,4.718903999999999996e+02,3.051800999999999817e+02,7.627000000000000446e-01,3.791655999999999835e+02,9.897000000000000242e-01,1.140940000000000000e+05,7.093000000000000416e-01,1.546300000000000008e+00,8.978000000000000425e-01,8.034999999999999920e-01,4.199999999999999740e-03,2.700000000000000143e-03,6.455999999999999517e-01,9.982999999999999652e-01,1.113842999999999961e+02,1.085331999999999937e+02,1.036353000000000009e+02,2.675179999999999936e+01,2.128030000000000044e+01,2.375319999999999965e+01,-9.971999999999999753e-01,-3.867999999999999772e-01,-3.514999999999999791e-01,3.247500000000000053e+00,3.343799999999999883e+00,3.257699999999999818e+00,-1.419242188800000000e+10,-1.309715763200000000e+10,-1.203332608000000000e+10,5.569760000000000133e+01,5.426740000000000208e+01,5.182050000000000267e+01,2.000000000000000000e+00
1.563910000000000000e+05,1.521604000000000042e+03,5.699615999999999758e+02,3.520855999999999995e+02,7.863999999999999879e-01,4.462321999999999775e+02,9.887000000000000233e-01,1.581810000000000000e+05,6.528000000000000469e-01,1.618800000000000017e+00,8.487999999999999989e-01,7.829000000000000403e-01,3.599999999999999901e-03,2.299999999999999961e-03,6.129999999999999893e-01,9.922999999999999599e-01,1.319944000000000131e+02,1.217788000000000039e+02,1.152588999999999970e+02,3.127489999999999881e+01,2.868159999999999954e+01,2.745720000000000027e+01,-8.035999999999999810e-01,-3.219000000000000195e-01,-3.952999999999999847e-01,3.310299999999999798e+00,2.436199999999999921e+00,2.716499999999999915e+00,-2.853581824000000000e+10,-2.388732723200000000e+10,-2.118772531200000000e+10,6.600920000000000698e+01,6.089889999999999759e+01,5.763969999999999771e+01,2.000000000000000000e+00
2.822590000000000000e+05,2.100006100000000060e+03,8.084827999999999975e+02,4.463885000000000218e+02,8.337999999999999856e-01,5.994859000000000151e+02,9.852999999999999536e-01,2.864690000000000000e+05,7.899000000000000465e-01,1.811199999999999921e+00,8.043000000000000149e-01,7.415000000000000480e-01,2.899999999999999800e-03,1.600000000000000077e-03,5.497999999999999554e-01,9.958000000000000185e-01,5.141210000000000235e+01,6.567680000000000007e+01,7.799909999999999854e+01,2.490090000000000003e+01,2.236710000000000065e+01,2.084140000000000015e+01,2.511400000000000077e+00,2.028300000000000214e+00,5.926000000000000156e-01,1.115889999999999915e+01,8.386100000000000776e+00,3.535000000000000142e+00,-7.879576064000000000e+09,-1.184477184000000000e+10,-1.640815411200000000e+10,2.570759999999999934e+01,3.284170000000000300e+01,3.900180000000000291e+01,5.000000000000000000e+00
3.913760000000000000e+05,2.544782999999999902e+03,8.977681999999999789e+02,5.574371999999999616e+02,7.839000000000000412e-01,7.059145999999999503e+02,9.649999999999999689e-01,4.055820000000000000e+05,7.216000000000000192e-01,1.610500000000000043e+00,7.594999999999999529e-01,7.862999999999999989e-01,2.299999999999999961e-03,1.399999999999999986e-03,6.182999999999999607e-01,9.957000000000000295e-01,4.017920000000000158e+01,4.909530000000000172e+01,5.444050000000000011e+01,1.839659999999999940e+01,1.764730000000000132e+01,1.680499999999999972e+01,5.411000000000000254e-01,2.240000000000000213e+00,8.776000000000000467e-01,3.806500000000000217e+00,1.278870000000000040e+01,5.995499999999999829e+00,-6.051780608000000000e+09,-8.706247680000000000e+09,-1.050044620800000000e+10,2.009120000000000061e+01,2.454929999999999879e+01,2.722190000000000154e+01,5.000000000000000000e+00
3.165830000000000000e+05,2.338829099999999926e+03,8.373405000000000200e+02,4.888562999999999761e+02,8.118999999999999551e-01,6.348905999999999494e+02,9.647999999999999909e-01,3.281260000000000000e+05,5.991999999999999549e-01,1.712900000000000089e+00,7.272999999999999465e-01,7.581999999999999851e-01,2.599999999999999881e-03,1.500000000000000031e-03,5.748999999999999666e-01,9.847000000000000197e-01,5.844700000000000273e+01,6.053790000000000049e+01,6.873739999999999384e+01,2.072690000000000055e+01,2.302339999999999876e+01,2.223910000000000053e+01,6.209999999999999964e-01,2.007400000000000073e+00,3.688000000000000167e-01,4.184499999999999886e+00,1.026249999999999929e+01,4.088400000000000034e+00,-1.032408985600000000e+10,-1.146069913600000000e+10,-1.445251174400000000e+10,2.922650000000000148e+01,3.027319999999999922e+01,3.437239999999999895e+01,5.000000000000000000e+00
4.765690000000000000e+05,2.536764900000000125e+03,8.868546000000000049e+02,6.898232000000000426e+02,6.284999999999999476e-01,7.789650000000000318e+02,9.955000000000000515e-01,4.787110000000000000e+05,8.146999999999999797e-01,1.285600000000000076e+00,9.305999999999999828e-01,8.782999999999999696e-01,1.899999999999999996e-03,1.399999999999999986e-03,7.714999999999999636e-01,9.918000000000000149e-01,9.668680000000000518e+01,9.578180000000000405e+01,9.869689999999999941e+01,3.199599999999999866e+01,2.855499999999999972e+01,3.232600000000000051e+01,1.151899999999999924e+00,2.081199999999999939e+00,1.826899999999999968e+00,7.368500000000000050e+00,9.771200000000000330e+00,8.375899999999999679e+00,-4.673341849600000000e+10,-4.472461721600000000e+10,-4.884962918400000000e+10,4.834320000000000306e+01,4.789229999999999876e+01,4.934909999999999997e+01,3.000000000000000000e+00
4.848690000000000000e+05,2.541983900000000176e+03,8.727412000000000489e+02,7.148731000000000222e+02,5.735999999999999988e-01,7.857190000000000509e+02,9.956000000000000405e-01,4.870310000000000000e+05,7.711999999999999966e-01,1.220800000000000107e+00,9.429999999999999494e-01,9.002999999999999892e-01,1.799999999999999951e-03,1.500000000000000031e-03,8.104999999999999982e-01,9.895000000000000462e-01,8.560639999999999361e+01,9.219050000000000011e+01,9.948290000000000077e+01,2.203910000000000124e+01,2.272769999999999868e+01,2.646770000000000067e+01,1.115199999999999969e+00,1.234399999999999942e+00,5.370000000000000329e-01,7.569899999999999629e+00,7.201399999999999579e+00,5.074600000000000222e+00,-3.445618278400000000e+10,-4.033977548800000000e+10,-4.830605312000000000e+10,4.280299999999999727e+01,4.609570000000000078e+01,4.974260000000000304e+01,3.000000000000000000e+00
1.448150000000000000e+05,1.432644999999999982e+03,5.304764999999999873e+02,3.483134999999999764e+02,7.541999999999999815e-01,4.293998000000000275e+02,9.922999999999999599e-01,1.459450000000000000e+05,7.378000000000000114e-01,1.522999999999999909e+00,8.866000000000000547e-01,8.094999999999999973e-01,3.700000000000000164e-03,2.399999999999999790e-03,6.552000000000000046e-01,9.979000000000000092e-01,1.540655999999999892e+02,1.539029999999999916e+02,1.411263999999999896e+02,3.076239999999999952e+01,2.363629999999999853e+01,2.500000000000000000e+01,-1.298799999999999955e+00,-7.563999999999999613e-01,-5.594000000000000083e-01,4.474400000000000155e+00,2.959099999999999842e+00,2.764499999999999957e+00,-3.639327539200000000e+10,-3.560049049600000000e+10,-2.971197440000000000e+10,7.702559999999999718e+01,7.695430000000000348e+01,7.056319999999999482e+01,2.000000000000000000e+00
2.149520000000000000e+05,1.758240999999999985e+03,6.556317999999999984e+02,4.198516999999999939e+02,7.681000000000000050e-01,5.231494999999999891e+02,9.902999999999999581e-01,2.170600000000000000e+05,8.041000000000000369e-01,1.561600000000000099e+00,8.738000000000000211e-01,7.979000000000000536e-01,3.099999999999999891e-03,2.000000000000000042e-03,6.367000000000000437e-01,9.942999999999999616e-01,1.369214000000000055e+02,1.382307000000000130e+02,1.244116000000000071e+02,3.798680000000000234e+01,3.325489999999999924e+01,3.171160000000000068e+01,-4.416999999999999815e-01,-3.108000000000000207e-01,-2.878999999999999893e-01,2.121799999999999908e+00,2.161799999999999944e+00,2.388799999999999812e+00,-4.359518208000000000e+10,-4.352766361600000000e+10,-3.481400524800000000e+10,6.845449999999999591e+01,6.911409999999999343e+01,6.220329999999999870e+01,1.000000000000000000e+00
3.563440000000000000e+05,2.462322999999999865e+03,8.862712000000000216e+02,5.218903999999999996e+02,8.082000000000000295e-01,6.735809000000000424e+02,9.594000000000000306e-01,3.714350000000000000e+05,6.455999999999999517e-01,1.698199999999999932e+00,7.386000000000000343e-01,7.600000000000000089e-01,2.500000000000000052e-03,1.500000000000000031e-03,5.776000000000000023e-01,9.808999999999999941e-01,4.950950000000000273e+01,5.797200000000000131e+01,6.974110000000000298e+01,1.773799999999999955e+01,2.066819999999999879e+01,1.842060000000000031e+01,2.117100000000000204e+00,2.387900000000000134e+00,5.131000000000000005e-01,1.153940000000000055e+01,1.137790000000000035e+01,4.190699999999999648e+00,-8.067236864000000000e+09,-1.148009574400000000e+10,-1.610907033600000000e+10,2.475440000000000040e+01,2.898610000000000042e+01,3.487030000000000030e+01,5.000000000000000000e+00
3.998150000000000000e+05,2.296231000000000222e+03,7.762232000000000198e+02,6.585235000000000127e+02,5.293999999999999817e-01,7.134846000000000004e+02,9.923999999999999488e-01,4.028850000000000000e+05,7.554999999999999494e-01,1.178700000000000081e+00,9.528999999999999693e-01,9.192000000000000171e-01,1.899999999999999996e-03,1.600000000000000077e-03,8.448999999999999844e-01,9.959000000000000075e-01,5.797079999999999700e+01,6.426630000000000109e+01,6.799530000000000030e+01,1.744030000000000058e+01,2.210839999999999961e+01,2.488719999999999999e+01,1.417999999999999927e+00,2.443499999999999783e+00,1.451500000000000012e+00,1.088719999999999999e+01,1.222150000000000070e+01,7.192400000000000126e+00,-1.228379340800000000e+10,-1.604139929600000000e+10,-1.849417728000000000e+10,2.898659999999999926e+01,3.213479999999999848e+01,3.399880000000000280e+01,3.000000000000000000e+00
2.538750000000000000e+05,1.997355000000000018e+03,7.471663999999999533e+02,5.026084999999999923e+02,7.399000000000000021e-01,5.685452000000000226e+02,9.118000000000000549e-01,2.784380000000000000e+05,6.157000000000000250e-01,1.486599999999999921e+00,7.996999999999999664e-01,7.609000000000000208e-01,2.899999999999999800e-03,2.000000000000000042e-03,5.789999999999999591e-01,8.608000000000000096e-01,1.339351000000000056e+02,1.312965000000000089e+02,1.225105999999999966e+02,3.316020000000000323e+01,2.758370000000000033e+01,2.843730000000000047e+01,-6.277000000000000357e-01,-2.031999999999999917e-01,3.795000000000000040e-01,3.165900000000000158e+00,2.604699999999999793e+00,2.706500000000000128e+00,-4.813751910400000000e+10,-4.514641510400000000e+10,-3.923900825600000000e+10,6.696710000000000207e+01,6.565019999999999811e+01,6.125569999999999737e+01,6.000000000000000000e+00
1.721080000000000000e+05,1.570163000000000011e+03,5.862440000000000282e+02,3.768530999999999835e+02,7.660000000000000142e-01,4.681182999999999765e+02,9.895000000000000462e-01,1.739260000000000000e+05,7.891000000000000236e-01,1.555600000000000094e+00,8.771999999999999797e-01,7.984999999999999876e-01,3.399999999999999811e-03,2.200000000000000133e-03,6.375999999999999446e-01,9.919000000000000039e-01,1.286670000000000016e+02,1.326657999999999902e+02,1.161276000000000010e+02,3.528699999999999903e+01,3.045179999999999865e+01,3.026219999999999999e+01,-6.242999999999999661e-01,-4.752000000000000113e-01,-3.009000000000000008e-01,2.721200000000000063e+00,2.336899999999999977e+00,2.202300000000000146e+00,-3.037019136000000000e+10,-3.163563212800000000e+10,-2.403016704000000000e+10,6.432550000000000523e+01,6.633089999999999975e+01,5.805939999999999657e+01,2.000000000000000000e+00
4.811970000000000000e+05,2.549072999999999865e+03,8.785005999999999631e+02,6.997644000000000233e+02,6.046000000000000263e-01,7.827382000000000062e+02,9.960999999999999854e-01,4.830570000000000000e+05,7.397000000000000242e-01,1.255400000000000071e+00,9.305999999999999828e-01,8.910000000000000142e-01,1.799999999999999951e-03,1.500000000000000031e-03,7.939000000000000501e-01,9.966000000000000414e-01,1.096136999999999944e+02,1.035782999999999987e+02,8.842929999999999779e+01,3.276789999999999736e+01,2.770779999999999887e+01,2.531080000000000041e+01,-2.426999999999999991e-01,1.373000000000000054e-01,2.886000000000000232e-01,2.396999999999999797e+00,2.297899999999999832e+00,3.382499999999999840e+00,-6.066955059200000000e+10,-5.244736307200000000e+10,-3.742412390400000000e+10,5.480810000000000315e+01,5.179039999999999822e+01,4.421670000000000300e+01,3.000000000000000000e+00
3.755690000000000000e+05,2.377714100000000144e+03,9.538369999999999891e+02,5.043600000000000136e+02,8.487999999999999989e-01,6.915122999999999820e+02,9.897000000000000242e-01,3.794770000000000000e+05,6.887999999999999678e-01,1.891199999999999992e+00,8.347999999999999865e-01,7.249999999999999778e-01,2.500000000000000052e-03,1.299999999999999940e-03,5.255999999999999561e-01,9.939999999999999947e-01,9.472140000000000271e+01,7.689470000000000027e+01,8.542640000000000100e+01,3.227740000000000009e+01,2.993809999999999860e+01,2.819480000000000075e+01,5.469999999999999862e-02,6.220999999999999863e-01,7.131999999999999451e-01,2.317899999999999849e+00,3.193200000000000038e+00,4.262500000000000178e+00,-3.539166003200000000e+10,-2.325109145600000000e+10,-2.796035686400000000e+10,4.736169999999999902e+01,3.845230000000000103e+01,4.271699999999999875e+01,6.000000000000000000e+00
2.609990000000000000e+05,1.924509000000000015e+03,6.700057000000000471e+02,4.998724000000000274e+02,6.659000000000000474e-01,5.764669999999999845e+02,9.812999999999999501e-01,2.659600000000000000e+05,7.962000000000000188e-01,1.340400000000000036e+00,8.854999999999999538e-01,8.604000000000000536e-01,2.599999999999999881e-03,1.899999999999999996e-03,7.402999999999999581e-01,9.921999999999999709e-01,9.609350000000000591e+01,7.892260000000000275e+01,8.656069999999999709e+01,2.882450000000000045e+01,2.668959999999999866e+01,2.267299999999999827e+01,1.092999999999999944e-01,1.235000000000000098e+00,3.894000000000000239e-01,2.885600000000000165e+00,4.315999999999999837e+00,3.963499999999999801e+00,-2.463067340800000000e+10,-1.642560204800000000e+10,-1.905047961600000000e+10,4.804710000000000036e+01,3.946090000000000231e+01,4.327949999999999875e+01,1.000000000000000000e+00
1.624130000000000000e+05,1.540894000000000005e+03,5.884891999999999825e+02,3.521533000000000015e+02,8.012000000000000233e-01,4.547423999999999751e+02,9.882999999999999563e-01,1.643380000000000000e+05,7.887999999999999456e-01,1.671100000000000030e+00,8.596000000000000307e-01,7.727000000000000535e-01,3.599999999999999901e-03,2.200000000000000133e-03,5.970999999999999641e-01,9.978000000000000203e-01,1.043718999999999966e+02,1.060769999999999982e+02,9.956719999999999970e+01,3.233610000000000184e+01,2.996499999999999986e+01,3.275840000000000174e+01,-5.929999999999999855e-02,2.298999999999999932e-01,3.929000000000000270e-01,2.409899999999999931e+00,2.688600000000000101e+00,2.528900000000000148e+00,-1.852557926400000000e+10,-1.884653568000000000e+10,-1.694967910400000000e+10,5.218229999999999791e+01,5.303640000000000043e+01,4.978029999999999688e+01,2.000000000000000000e+00
2.435200000000000000e+05,1.906798000000000002e+03,7.198704000000000178e+02,4.316100000000000136e+02,8.003000000000000114e-01,5.568297000000000025e+02,9.870999999999999774e-01,2.467080000000000000e+05,6.946999999999999842e-01,1.667899999999999938e+00,8.417000000000000037e-01,7.734999999999999654e-01,3.000000000000000062e-03,1.799999999999999951e-03,5.983000000000000540e-01,9.979000000000000092e-01,1.162535000000000025e+02,1.051918000000000006e+02,9.759159999999999968e+01,3.229070000000000107e+01,3.005379999999999896e+01,2.579939999999999856e+01,-4.675000000000000266e-01,-8.939999999999999336e-02,-2.860000000000000042e-02,2.317400000000000126e+00,2.554600000000000204e+00,2.868799999999999795e+00,-3.444984217600000000e+10,-2.778736640000000000e+10,-2.321348198400000000e+10,5.812839999999999918e+01,5.259839999999999804e+01,4.880010000000000048e+01,1.000000000000000000e+00
3.854280000000000000e+05,2.473991899999999987e+03,8.591620000000000346e+02,5.808442000000000007e+02,7.368000000000000105e-01,7.005298999999999978e+02,9.711999999999999522e-01,3.968430000000000000e+05,6.520000000000000240e-01,1.479200000000000070e+00,7.913000000000000034e-01,8.154000000000000137e-01,2.200000000000000133e-03,1.500000000000000031e-03,6.647999999999999465e-01,9.834000000000000519e-01,1.267850999999999999e+02,1.209000000000000057e+02,1.131424999999999983e+02,3.263419999999999987e+01,2.998280000000000101e+01,3.106530000000000058e+01,-9.405999999999999917e-01,-7.190999999999999615e-01,-5.675999999999999934e-01,3.412500000000000089e+00,3.113300000000000178e+00,2.998200000000000198e+00,-6.512358604800000000e+10,-5.833413836800000000e+10,-5.123930931200000000e+10,6.339410000000000167e+01,6.045320000000000249e+01,5.657399999999999807e+01,4.000000000000000000e+00
2.592580000000000000e+05,1.978465899999999920e+03,7.230809000000000424e+02,4.663063999999999965e+02,7.642999999999999794e-01,5.745411000000000286e+02,9.798000000000000043e-01,2.646060000000000000e+05,7.296000000000000263e-01,1.550699999999999967e+00,8.323000000000000398e-01,7.945999999999999730e-01,2.799999999999999972e-03,1.799999999999999951e-03,6.312999999999999723e-01,9.789999999999999813e-01,8.604160000000000252e+01,7.943250000000000455e+01,7.677809999999999491e+01,3.290809999999999746e+01,3.362440000000000140e+01,3.014999999999999858e+01,1.072000000000000036e-01,1.985999999999999988e-01,2.636000000000000010e-01,1.876800000000000024e+00,1.919100000000000028e+00,2.386000000000000121e+00,-2.043839488000000000e+10,-1.775704473600000000e+10,-1.602389504000000000e+10,4.302060000000000173e+01,3.971880000000000166e+01,3.839039999999999964e+01,6.000000000000000000e+00
4.221630000000000000e+05,2.378907999999999902e+03,8.378483999999999696e+02,6.456693000000000211e+02,6.372999999999999776e-01,7.331539000000000215e+02,9.947000000000000286e-01,4.244280000000000000e+05,7.831000000000000183e-01,1.297600000000000087e+00,9.374000000000000110e-01,8.750000000000000000e-01,2.000000000000000042e-03,1.500000000000000031e-03,7.657000000000000473e-01,9.936000000000000387e-01,1.174466000000000037e+02,1.099085000000000036e+02,9.567740000000000578e+01,2.651520000000000010e+01,2.306869999999999976e+01,3.012300000000000111e+01,-5.661000000000000476e-01,-1.140000000000000041e-02,6.018999999999999906e-01,3.237000000000000099e+00,2.957399999999999807e+00,4.228699999999999903e+00,-5.919126323200000000e+10,-5.071421440000000000e+10,-3.992237260800000000e+10,5.872549999999999670e+01,5.495539999999999736e+01,4.784000000000000341e+01,0.000000000000000000e+00
4.486340000000000000e+05,2.522309099999999944e+03,9.069396000000000413e+02,6.312844999999999800e+02,7.179999999999999716e-01,7.557899999999999636e+02,9.903999999999999471e-01,4.530050000000000000e+05,7.964999999999999858e-01,1.436700000000000088e+00,8.860999999999999988e-01,8.333000000000000407e-01,2.000000000000000042e-03,1.399999999999999986e-03,6.945000000000000062e-01,9.977000000000000313e-01,1.145721000000000060e+02,1.071855000000000047e+02,1.046490000000000009e+02,2.335060000000000002e+01,2.203859999999999886e+01,2.727540000000000120e+01,-4.440000000000000058e-01,3.160999999999999921e-01,5.767999999999999794e-01,3.527000000000000135e+00,3.936999999999999833e+00,3.621999999999999886e+00,-5.887483494400000000e+10,-5.088201113600000000e+10,-4.982558310400000000e+10,5.728649999999999665e+01,5.359290000000000020e+01,5.232529999999999859e+01,4.000000000000000000e+00
4.214700000000000000e+05,2.374422099999999773e+03,8.242023000000000366e+02,6.521113000000000284e+02,6.116000000000000325e-01,7.325519000000000460e+02,9.943999999999999506e-01,4.238550000000000000e+05,7.861000000000000210e-01,1.263900000000000023e+00,9.394000000000000128e-01,8.888000000000000345e-01,2.000000000000000042e-03,1.500000000000000031e-03,7.900000000000000355e-01,9.983999999999999542e-01,9.194530000000000314e+01,8.646460000000000434e+01,7.952859999999999729e+01,2.840330000000000155e+01,2.507000000000000028e+01,3.030630000000000024e+01,3.862999999999999767e-01,1.157000000000000028e+00,1.182500000000000107e+00,5.002299999999999969e+00,7.670099999999999696e+00,6.550300000000000011e+00,-3.631985868800000000e+10,-3.130059366400000000e+10,-2.795457536000000000e+10,4.597070000000000078e+01,4.323140000000000072e+01,3.976149999999999807e+01,3.000000000000000000e+00
1.422140000000000000e+05,1.424567999999999984e+03,5.262786999999999580e+02,3.455464000000000055e+02,7.542999999999999705e-01,4.255260999999999854e+02,9.906000000000000361e-01,1.435670000000000000e+05,6.835999999999999854e-01,1.522999999999999909e+00,8.806000000000000494e-01,8.085999999999999854e-01,3.700000000000000164e-03,2.399999999999999790e-03,6.538000000000000478e-01,9.957000000000000295e-01,1.382035999999999945e+02,1.410540000000000020e+02,1.200515000000000043e+02,3.426930000000000121e+01,2.708810000000000073e+01,2.752560000000000073e+01,-9.727000000000000091e-01,-5.928999999999999826e-01,-2.757000000000000006e-01,3.151499999999999968e+00,2.492500000000000160e+00,2.307799999999999851e+00,-2.888929075200000000e+10,-2.934363955200000000e+10,-2.097518796800000000e+10,6.910769999999999413e+01,7.052540000000000475e+01,6.003009999999999735e+01,2.000000000000000000e+00
1.379140000000000000e+05,1.475628099999999904e+03,5.700140000000000100e+02,3.115840000000000032e+02,8.374000000000000332e-01,4.190436000000000263e+02,9.835000000000000409e-01,1.402280000000000000e+05,6.088999999999999968e-01,1.829399999999999915e+00,7.959000000000000519e-01,7.350999999999999757e-01,4.100000000000000346e-03,2.299999999999999961e-03,5.403999999999999915e-01,9.887000000000000233e-01,1.435221999999999980e+02,1.461507000000000005e+02,1.332267999999999972e+02,4.003179999999999694e+01,3.101589999999999847e+01,2.943329999999999913e+01,-1.056000000000000050e+00,-1.239800000000000013e+00,-8.691999999999999726e-01,3.008799999999999919e+00,4.029300000000000104e+00,3.227599999999999802e+00,-3.102123827200000000e+10,-3.106017280000000000e+10,-2.545859174400000000e+10,7.176109999999999900e+01,7.307550000000000523e+01,6.661190000000000566e+01,2.000000000000000000e+00
3.220700000000000000e+05,2.190137900000000172e+03,7.941199000000000296e+02,5.264727000000000317e+02,7.487000000000000322e-01,6.403687999999999647e+02,9.845000000000000417e-01,3.271340000000000000e+05,6.502999999999999892e-01,1.508399999999999963e+00,8.437999999999999945e-01,8.064000000000000057e-01,2.500000000000000052e-03,1.600000000000000077e-03,6.502999999999999892e-01,9.808000000000000052e-01,1.309935000000000116e+02,1.295361000000000047e+02,1.200611999999999995e+02,2.568929999999999936e+01,2.252570000000000050e+01,2.345019999999999882e+01,-5.593000000000000194e-01,-2.278000000000000025e-01,-6.250000000000000000e-01,3.579200000000000159e+00,3.396999999999999797e+00,4.116799999999999571e+00,-5.657505792000000000e+10,-5.464423628800000000e+10,-4.666428620800000000e+10,6.549689999999999657e+01,6.477139999999999986e+01,6.003280000000000172e+01,4.000000000000000000e+00
4.102330000000000000e+05,2.402864000000000033e+03,8.349077999999999520e+02,6.334918999999999869e+02,6.513999999999999790e-01,7.227205000000000155e+02,9.866000000000000325e-01,4.158230000000000000e+05,7.771000000000000130e-01,1.317900000000000071e+00,8.929000000000000270e-01,8.656000000000000361e-01,2.000000000000000042e-03,1.500000000000000031e-03,7.492999999999999661e-01,9.876000000000000334e-01,1.050152999999999963e+02,9.914749999999999375e+01,9.612659999999999627e+01,2.864499999999999957e+01,2.630509999999999948e+01,2.651749999999999829e+01,-1.287999999999999978e-01,1.449999999999999900e-01,-2.780000000000000249e-01,2.545799999999999841e+00,2.897499999999999964e+00,3.008900000000000130e+00,-4.623662694400000000e+10,-4.053214003200000000e+10,-3.808625049600000000e+10,5.250569999999999737e+01,4.957410000000000139e+01,4.806300000000000239e+01,4.000000000000000000e+00
4.575830000000000000e+05,2.452200899999999820e+03,8.406153000000000475e+02,6.958944000000000187e+02,5.610000000000000542e-01,7.632907999999999902e+02,9.950999999999999845e-01,4.598470000000000000e+05,8.002000000000000224e-01,1.207999999999999963e+00,9.562000000000000499e-01,9.080000000000000293e-01,1.799999999999999951e-03,1.500000000000000031e-03,8.245000000000000107e-01,9.959999999999999964e-01,7.440250000000000341e+01,7.455700000000000216e+01,7.571829999999999927e+01,2.147769999999999868e+01,2.059459999999999980e+01,2.662160000000000082e+01,2.374999999999999889e-01,1.067399999999999904e+00,4.329000000000000070e-01,3.508999999999999897e+00,6.421100000000000030e+00,3.622199999999999864e+00,-2.428535808000000000e+10,-2.421551718400000000e+10,-2.649463193600000000e+10,3.719919999999999760e+01,3.727890000000000015e+01,3.785949999999999704e+01,3.000000000000000000e+00
2.543300000000000000e+05,1.926736000000000104e+03,7.474942999999999529e+02,4.356218999999999824e+02,8.125999999999999890e-01,5.690544999999999618e+02,9.925000000000000488e-01,2.562550000000000000e+05,7.239999999999999769e-01,1.715899999999999981e+00,8.608999999999999986e-01,7.612999999999999767e-01,2.899999999999999800e-03,1.699999999999999905e-03,5.796000000000000041e-01,9.945000000000000506e-01,8.825260000000000105e+01,8.158700000000000330e+01,8.194490000000000407e+01,3.846739999999999782e+01,3.932920000000000016e+01,2.908210000000000051e+01,1.837999999999999912e-01,6.384999999999999565e-01,2.665000000000000147e-01,2.275900000000000034e+00,2.508999999999999897e+00,2.695100000000000051e+00,-2.224277299200000000e+10,-1.959492198400000000e+10,-1.759215206400000000e+10,4.413250000000000028e+01,4.079860000000000042e+01,4.097690000000000055e+01,6.000000000000000000e+00
4.245120000000000000e+05,2.477282999999999902e+03,8.534615000000000009e+02,6.429758000000000493e+02,6.575999999999999623e-01,7.351907999999999674e+02,9.892999999999999572e-01,4.290900000000000000e+05,7.479999999999999982e-01,1.327399999999999913e+00,8.692999999999999616e-01,8.614000000000000545e-01,2.000000000000000042e-03,1.500000000000000031e-03,7.419999999999999929e-01,9.849999999999999867e-01,1.409121000000000095e+02,1.346054000000000030e+02,1.324714999999999918e+02,3.591400000000000148e+01,3.078569999999999851e+01,3.146020000000000039e+01,-6.010999999999999677e-01,-6.268000000000000238e-01,-6.643999999999999906e-01,2.694199999999999928e+00,2.736899999999999888e+00,2.991000000000000103e+00,-9.040511795200000000e+10,-8.051464601600000000e+10,-7.811129344000000000e+10,7.045510000000000161e+01,6.730089999999999861e+01,6.623390000000000555e+01,4.000000000000000000e+00
2.250740000000000000e+05,1.813769999999999982e+03,6.952525000000000546e+02,4.138532999999999902e+02,8.034999999999999920e-01,5.353252999999999702e+02,9.920999999999999819e-01,2.268570000000000000e+05,6.484999999999999654e-01,1.679899999999999949e+00,8.597000000000000197e-01,7.700000000000000178e-01,3.099999999999999891e-03,1.799999999999999951e-03,5.928999999999999826e-01,9.959999999999999964e-01,1.332136999999999887e+02,1.311913999999999874e+02,1.231025999999999954e+02,3.932229999999999848e+01,3.673160000000000025e+01,3.050740000000000052e+01,-4.867000000000000215e-01,-4.149999999999999800e-01,-1.159000000000000030e-01,2.123099999999999987e+00,2.094199999999999839e+00,2.367599999999999927e+00,-4.348078489600000000e+10,-4.162220441600000000e+10,-3.546799718400000000e+10,6.660389999999999588e+01,6.559170000000000300e+01,6.154809999999999803e+01,1.000000000000000000e+00
