2.339180000000000000e+05,1.926460000000000036e+03,6.894012000000000171e+02,4.931879999999999882e+02,6.986999999999999877e-01,5.457413999999999987e+02,8.909000000000000252e-01,2.625770000000000000e+05,7.079999999999999627e-01,1.397799999999999931e+00,7.921000000000000263e-01,7.915999999999999703e-01,2.899999999999999800e-03,2.099999999999999870e-03,6.267000000000000348e-01,8.760000000000000009e-01,1.122469999999999999e+02,1.079604000000000070e+02,1.010909999999999940e+02,3.993209999999999837e+01,3.476299999999999812e+01,2.978750000000000142e+01,-7.969999999999999307e-02,1.136000000000000065e-01,5.224999999999999645e-01,2.000900000000000123e+00,2.064799999999999969e+00,2.526499999999999968e+00,-3.244204032000000000e+10,-2.902066585600000000e+10,-2.462236057600000000e+10,5.612610000000000099e+01,5.398510000000000275e+01,5.055219999999999914e+01,6.000000000000000000e+00
4.486340000000000000e+05,2.522309099999999944e+03,9.069396000000000413e+02,6.312844999999999800e+02,7.179999999999999716e-01,7.557899999999999636e+02,9.903999999999999471e-01,4.530050000000000000e+05,7.964999999999999858e-01,1.436700000000000088e+00,8.860999999999999988e-01,8.333000000000000407e-01,2.000000000000000042e-03,1.399999999999999986e-03,6.945000000000000062e-01,9.977000000000000313e-01,1.145721000000000060e+02,1.071855000000000047e+02,1.046490000000000009e+02,2.335060000000000002e+01,2.203859999999999886e+01,2.727540000000000120e+01,-4.440000000000000058e-01,3.160999999999999921e-01,5.767999999999999794e-01,3.527000000000000135e+00,3.936999999999999833e+00,3.621999999999999886e+00,-5.887483494400000000e+10,-5.088201113600000000e+10,-4.982558310400000000e+10,5.728649999999999665e+01,5.359290000000000020e+01,5.232529999999999859e+01,4.000000000000000000e+00
4.151370000000000000e+05,2.366701900000000023e+03,8.170651000000000295e+02,6.525553999999999633e+02,6.018000000000000016e-01,7.270273999999999432e+02,9.919999999999999929e-01,4.184700000000000000e+05,7.405000000000000471e-01,1.252099999999999991e+00,9.314000000000000057e-01,8.898000000000000353e-01,2.000000000000000042e-03,1.600000000000000077e-03,7.917999999999999483e-01,9.913999999999999480e-01,1.163586999999999989e+02,1.073295999999999992e+02,1.101983000000000033e+02,2.778249999999999886e+01,2.518120000000000047e+01,2.512030000000000030e+01,-2.543000000000000260e-01,4.229999999999999732e-02,-1.529999999999999936e-02,2.617799999999999905e+00,2.635099999999999998e+00,2.675399999999999778e+00,-5.745929011200000000e+10,-4.796948480000000000e+10,-5.065396224000000000e+10,5.817960000000000065e+01,5.366599999999999682e+01,5.509989999999999810e+01,4.000000000000000000e+00
2.581060000000000000e+05,1.893701999999999998e+03,7.290964999999999918e+02,4.529291000000000054e+02,7.835999999999999632e-01,5.732631999999999834e+02,9.938000000000000167e-01,2.597150000000000000e+05,7.530999999999999917e-01,1.609699999999999909e+00,9.044999999999999707e-01,7.862999999999999989e-01,2.799999999999999972e-03,1.799999999999999951e-03,6.181999999999999718e-01,9.951999999999999735e-01,1.368560999999999979e+02,1.276367000000000047e+02,1.225169000000000068e+02,3.160460000000000136e+01,3.121559999999999846e+01,2.946819999999999951e+01,-3.891000000000000014e-01,-1.766999999999999960e-01,-1.665000000000000091e-01,2.691800000000000193e+00,2.154300000000000104e+00,2.755999999999999783e+00,-5.084509388800000000e+10,-4.396033228800000000e+10,-4.007229030400000000e+10,6.842759999999999820e+01,6.381819999999999737e+01,6.125919999999999987e+01,6.000000000000000000e+00
3.618670000000000000e+05,2.681007099999999809e+03,9.092696999999999434e+02,5.102585000000000264e+02,8.276999999999999913e-01,6.787807999999999993e+02,9.594000000000000306e-01,3.771900000000000000e+05,6.609000000000000430e-01,1.782000000000000028e+00,6.326000000000000512e-01,7.465000000000000524e-01,2.500000000000000052e-03,1.399999999999999986e-03,5.573000000000000176e-01,9.930999999999999828e-01,4.697950000000000159e+01,5.709539999999999793e+01,6.344969999999999999e+01,2.194579999999999842e+01,1.991519999999999868e+01,1.598959999999999937e+01,2.799500000000000099e+00,2.767700000000000049e+00,1.001400000000000068e+00,1.453659999999999997e+01,1.402999999999999936e+01,8.439600000000000435e+00,-8.114013696000000000e+09,-1.120092774400000000e+10,-1.314681446400000000e+10,2.349220000000000041e+01,2.854820000000000135e+01,3.172599999999999909e+01,5.000000000000000000e+00
2.200560000000000000e+05,1.726932999999999993e+03,6.188438999999999623e+02,4.551254999999999882e+02,6.775999999999999801e-01,5.293241000000000440e+02,9.936000000000000387e-01,2.214760000000000000e+05,8.214000000000000190e-01,1.359699999999999909e+00,9.272000000000000242e-01,8.552999999999999492e-01,2.799999999999999972e-03,2.099999999999999870e-03,7.316000000000000281e-01,9.948000000000000176e-01,1.349028999999999883e+02,1.233863999999999947e+02,1.158456000000000046e+02,3.308740000000000236e+01,2.385699999999999932e+01,2.043420000000000059e+01,-6.318000000000000282e-01,-3.311999999999999944e-01,-4.030000000000000249e-02,2.858499999999999819e+00,3.164400000000000102e+00,3.094700000000000006e+00,-4.233543680000000000e+10,-3.383818444800000000e+10,-2.921577676800000000e+10,6.744960000000000377e+01,6.169339999999999691e+01,5.792159999999999798e+01,1.000000000000000000e+00
2.101970000000000000e+05,1.790521999999999935e+03,6.406563999999999623e+02,4.221224000000000274e+02,7.521999999999999797e-01,5.173306999999999789e+02,9.687000000000000055e-01,2.169900000000000000e+05,7.007999999999999785e-01,1.517700000000000049e+00,8.238999999999999657e-01,8.074999999999999956e-01,3.000000000000000062e-03,2.000000000000000042e-03,6.521000000000000130e-01,9.896000000000000352e-01,8.723919999999999675e+01,8.112489999999999668e+01,7.683490000000000464e+01,2.886090000000000089e+01,2.953930000000000078e+01,2.704739999999999966e+01,9.070000000000000284e-02,3.552000000000000157e-01,6.619000000000000439e-01,2.408300000000000107e+00,2.652400000000000091e+00,3.403099999999999792e+00,-1.638261350400000000e+10,-1.433085132800000000e+10,-1.258662707200000000e+10,4.361670000000000158e+01,4.056510000000000105e+01,3.842079999999999984e+01,6.000000000000000000e+00
2.264010000000000000e+05,1.787076000000000022e+03,6.796693000000000211e+02,4.253826999999999998e+02,7.799000000000000377e-01,5.369009999999999536e+02,9.933999999999999497e-01,2.279030000000000000e+05,7.877999999999999448e-01,1.597800000000000109e+00,8.908000000000000362e-01,7.899000000000000465e-01,3.000000000000000062e-03,1.899999999999999996e-03,6.239999999999999991e-01,9.969999999999999973e-01,1.256497999999999990e+02,1.086356999999999999e+02,1.089997999999999934e+02,3.633599999999999852e+01,3.237420000000000186e+01,2.869920000000000115e+01,-3.623000000000000109e-01,1.163000000000000006e-01,-2.136000000000000121e-01,2.440300000000000136e+00,2.223800000000000221e+00,2.435000000000000053e+00,-3.830692659200000000e+10,-2.798595481600000000e+10,-2.753541120000000000e+10,6.281980000000000075e+01,5.431790000000000163e+01,5.449699999999999989e+01,1.000000000000000000e+00
3.537660000000000000e+05,2.150717999999999847e+03,7.205316000000000258e+02,6.292970000000000255e+02,4.869999999999999885e-01,6.711399999999999864e+02,9.936000000000000387e-01,3.560270000000000000e+05,8.001000000000000334e-01,1.145000000000000018e+00,9.610999999999999543e-01,9.314999999999999947e-01,2.000000000000000042e-03,1.799999999999999951e-03,8.676000000000000378e-01,9.933999999999999497e-01,9.825159999999999627e+01,1.056110000000000042e+02,1.029056000000000068e+02,2.566130000000000067e+01,1.835109999999999886e+01,2.539770000000000039e+01,-3.165000000000000036e-01,9.653000000000000469e-01,9.382000000000000339e-01,3.713099999999999845e+00,6.990099999999999980e+00,6.048499999999999766e+00,-3.414554009600000000e+10,-3.825045094400000000e+10,-3.754191257600000000e+10,4.912420000000000186e+01,5.280680000000000263e+01,5.145250000000000057e+01,0.000000000000000000e+00
1.136670000000000000e+05,1.251496000000000095e+03,4.626202999999999861e+02,3.131204000000000178e+02,7.360999999999999766e-01,3.804277999999999906e+02,9.936000000000000387e-01,1.143970000000000000e+05,7.140999999999999570e-01,1.477500000000000036e+00,9.120000000000000329e-01,8.223000000000000309e-01,4.100000000000000346e-03,2.799999999999999972e-03,6.762000000000000233e-01,9.990999999999999881e-01,1.060841000000000065e+02,1.029813000000000045e+02,1.021894000000000062e+02,2.950039999999999907e+01,2.526539999999999964e+01,2.676320000000000121e+01,-5.568999999999999506e-01,1.640000000000000138e-02,1.220000000000000077e-02,2.695399999999999796e+00,2.586199999999999832e+00,2.641999999999999904e+00,-1.313797017600000000e+10,-1.206197760000000000e+10,-1.197932236800000000e+10,5.304200000000000159e+01,5.149360000000000070e+01,5.109689999999999799e+01,2.000000000000000000e+00
3.659240000000000000e+05,2.664822999999999865e+03,8.554633000000000038e+02,5.515447000000000344e+02,7.643999999999999684e-01,6.825751999999999953e+02,9.465999999999999970e-01,3.865660000000000000e+05,6.694999999999999840e-01,1.550999999999999934e+00,6.474999999999999645e-01,7.979000000000000536e-01,2.299999999999999961e-03,1.500000000000000031e-03,6.366000000000000547e-01,9.875000000000000444e-01,9.362380000000000280e+01,7.820980000000000132e+01,7.310089999999999577e+01,2.381409999999999982e+01,2.373560000000000159e+01,2.418840000000000146e+01,-3.318999999999999728e-01,5.663000000000000256e-01,5.611000000000000432e-01,3.410899999999999821e+00,3.580499999999999794e+00,3.991000000000000103e+00,-3.160521932800000000e+10,-2.194536652800000000e+10,-1.927790592000000000e+10,4.680859999999999843e+01,3.910459999999999781e+01,3.655019999999999669e+01,6.000000000000000000e+00
1.457740000000000000e+05,1.451353000000000065e+03,5.507023000000000366e+02,3.379216000000000122e+02,7.895999999999999686e-01,4.308192000000000235e+02,9.918000000000000149e-01,1.469720000000000000e+05,7.784999999999999698e-01,1.629699999999999926e+00,8.696000000000000396e-01,7.822999999999999954e-01,3.799999999999999992e-03,2.299999999999999961e-03,6.119999999999999885e-01,9.973999999999999533e-01,1.457330000000000041e+02,1.405725999999999942e+02,1.215095000000000027e+02,2.969559999999999889e+01,2.276719999999999899e+01,2.795949999999999847e+01,-1.260699999999999932e+00,-6.872000000000000330e-01,-5.668999999999999595e-01,4.635200000000000209e+00,3.149500000000000188e+00,2.771300000000000097e+00,-3.248565043200000000e+10,-2.946049638400000000e+10,-2.208459366400000000e+10,7.285769999999999413e+01,7.028130000000000166e+01,6.075039999999999907e+01,2.000000000000000000e+00
2.773210000000000000e+05,2.136824999999999818e+03,6.875900000000000318e+02,5.173867000000000189e+02,6.585999999999999632e-01,5.942188999999999623e+02,9.759999999999999787e-01,2.841280000000000000e+05,7.801000000000000156e-01,1.328999999999999959e+00,7.631999999999999895e-01,8.641999999999999682e-01,2.500000000000000052e-03,1.899999999999999996e-03,7.469000000000000083e-01,9.925000000000000488e-01,1.196557999999999993e+02,1.107806999999999960e+02,1.082497999999999934e+02,3.778220000000000312e+01,3.812789999999999679e+01,3.192259999999999920e+01,7.760000000000000231e-02,3.715999999999999859e-01,-5.220000000000000334e-02,2.173900000000000166e+00,2.032500000000000195e+00,2.223100000000000076e+00,-4.296214937600000000e+10,-3.706702233600000000e+10,-3.392769843200000000e+10,5.982410000000000139e+01,5.538859999999999673e+01,5.412290000000000134e+01,1.000000000000000000e+00
3.181250000000000000e+05,2.211413100000000213e+03,8.380247000000000526e+02,4.966458000000000084e+02,8.054999999999999938e-01,6.364348999999999705e+02,9.508999999999999675e-01,3.345640000000000000e+05,6.695999999999999730e-01,1.687400000000000011e+00,8.175000000000000044e-01,7.593999999999999639e-01,2.599999999999999881e-03,1.600000000000000077e-03,5.767999999999999794e-01,9.731999999999999540e-01,5.715809999999999746e+01,6.563989999999999725e+01,7.226370000000000005e+01,2.693489999999999895e+01,2.229350000000000165e+01,2.072869999999999990e+01,2.029300000000000104e+00,2.118100000000000094e+00,7.510000000000000009e-01,8.733100000000000307e+00,8.683199999999999363e+00,3.787900000000000045e+00,-1.107003187200000000e+10,-1.332525772800000000e+10,-1.581535129600000000e+10,2.857819999999999894e+01,3.281940000000000168e+01,3.613100000000000023e+01,5.000000000000000000e+00
3.491840000000000000e+05,2.214726099999999860e+03,7.927962999999999738e+02,6.006844999999999573e+02,6.525999999999999579e-01,6.667794999999999845e+02,9.537999999999999812e-01,3.661020000000000000e+05,7.217999999999999972e-01,1.319800000000000084e+00,8.945999999999999508e-01,8.409999999999999698e-01,2.299999999999999961e-03,1.699999999999999905e-03,7.074000000000000288e-01,9.335999999999999854e-01,1.292753999999999905e+02,1.239534000000000020e+02,1.095104000000000042e+02,3.279950000000000188e+01,3.041049999999999898e+01,2.855079999999999885e+01,-8.690000000000000502e-02,1.907000000000000084e-01,3.895000000000000129e-01,2.505999999999999783e+00,2.540599999999999969e+00,2.308600000000000207e+00,-6.150815334400000000e+10,-5.580146278400000000e+10,-4.286946918400000000e+10,6.463679999999999382e+01,6.197820000000000107e+01,5.475639999999999930e+01,4.000000000000000000e+00
1.109300000000000000e+05,1.244494999999999891e+03,4.405928999999999860e+02,3.214334000000000060e+02,6.838999999999999524e-01,3.758197000000000116e+02,9.880999999999999783e-01,1.122710000000000000e+05,7.556000000000000494e-01,1.370700000000000029e+00,9.001000000000000112e-01,8.529999999999999805e-01,4.000000000000000083e-03,2.899999999999999800e-03,7.276000000000000245e-01,9.972999999999999643e-01,1.406416999999999859e+02,1.442048000000000059e+02,1.303548999999999864e+02,3.038729999999999976e+01,2.202740000000000009e+01,2.380979999999999919e+01,-9.977000000000000313e-01,-6.081999999999999629e-01,-1.262999999999999956e-01,3.552099999999999813e+00,3.127099999999999991e+00,2.350900000000000212e+00,-2.300816793600000000e+10,-2.362773299200000000e+10,-1.915994931200000000e+10,7.031740000000000634e+01,7.210420000000000584e+01,6.517780000000000484e+01,2.000000000000000000e+00
3.563440000000000000e+05,2.462322999999999865e+03,8.862712000000000216e+02,5.218903999999999996e+02,8.082000000000000295e-01,6.735809000000000424e+02,9.594000000000000306e-01,3.714350000000000000e+05,6.455999999999999517e-01,1.698199999999999932e+00,7.386000000000000343e-01,7.600000000000000089e-01,2.500000000000000052e-03,1.500000000000000031e-03,5.776000000000000023e-01,9.808999999999999941e-01,4.950950000000000273e+01,5.797200000000000131e+01,6.974110000000000298e+01,1.773799999999999955e+01,2.066819999999999879e+01,1.842060000000000031e+01,2.117100000000000204e+00,2.387900000000000134e+00,5.131000000000000005e-01,1.153940000000000055e+01,1.137790000000000035e+01,4.190699999999999648e+00,-8.067236864000000000e+09,-1.148009574400000000e+10,-1.610907033600000000e+10,2.475440000000000040e+01,2.898610000000000042e+01,3.487030000000000030e+01,5.000000000000000000e+00
3.517630000000000000e+05,2.293779100000000199e+03,8.785163000000000011e+02,5.139243000000000166e+02,8.110000000000000542e-01,6.692373000000000047e+02,9.842999999999999527e-01,3.573720000000000000e+05,7.913000000000000034e-01,1.709400000000000031e+00,8.400999999999999579e-01,7.618000000000000327e-01,2.500000000000000052e-03,1.500000000000000031e-03,5.803000000000000380e-01,9.919999999999999929e-01,1.159108999999999980e+02,9.757460000000000377e+01,9.975130000000000052e+01,2.999299999999999855e+01,2.508770000000000167e+01,2.490319999999999823e+01,-4.386999999999999789e-01,-4.349999999999999700e-02,1.653999999999999915e-01,2.972999999999999865e+00,3.098800000000000221e+00,3.392700000000000049e+00,-4.884539801600000000e+10,-3.336476672000000000e+10,-3.488089702400000000e+10,5.795320000000000249e+01,4.878909999999999769e+01,4.987720000000000198e+01,6.000000000000000000e+00
4.090320000000000000e+05,2.313950899999999820e+03,8.041159000000000106e+02,6.501132000000000062e+02,5.885000000000000231e-01,7.216617999999999711e+02,9.947000000000000286e-01,4.112120000000000000e+05,7.421999999999999709e-01,1.236900000000000110e+00,9.599999999999999645e-01,8.974999999999999645e-01,2.000000000000000042e-03,1.600000000000000077e-03,8.054000000000000048e-01,9.961999999999999744e-01,7.879439999999999600e+01,8.413830000000000098e+01,9.109170000000000300e+01,2.389499999999999957e+01,2.077299999999999969e+01,2.741479999999999961e+01,2.038999999999999979e-01,9.940999999999999837e-01,6.975000000000000089e-01,3.721200000000000063e+00,6.054599999999999760e+00,4.702399999999999913e+00,-2.491744665600000000e+10,-2.778431692800000000e+10,-3.434864844800000000e+10,3.939789999999999992e+01,4.207030000000000314e+01,4.554769999999999897e+01,0.000000000000000000e+00
4.396500000000000000e+05,2.447737099999999828e+03,8.900154999999999745e+02,6.351305999999999585e+02,7.005000000000000115e-01,7.481843000000000075e+02,9.926000000000000378e-01,4.429200000000000000e+05,7.632999999999999785e-01,1.401299999999999990e+00,9.221000000000000307e-01,8.406000000000000139e-01,2.000000000000000042e-03,1.399999999999999986e-03,7.066999999999999948e-01,9.902999999999999581e-01,1.005060000000000002e+02,9.969459999999999411e+01,9.523810000000000286e+01,3.078950000000000031e+01,2.388220000000000098e+01,2.936459999999999937e+01,5.674000000000000155e-01,1.543900000000000050e+00,1.677699999999999969e+00,4.099599999999999689e+00,8.081899999999999196e+00,8.676999999999999602e+00,-4.606790041600000000e+10,-4.332777881600000000e+10,-4.102520012800000000e+10,5.025330000000000297e+01,4.984759999999999991e+01,4.761919999999999931e+01,0.000000000000000000e+00
3.465370000000000000e+05,2.315560100000000148e+03,9.102367000000000417e+02,4.860287000000000148e+02,8.455000000000000293e-01,6.642473999999999705e+02,9.850999999999999757e-01,3.517860000000000000e+05,6.473999999999999755e-01,1.872800000000000020e+00,8.122000000000000330e-01,7.298000000000000043e-01,2.599999999999999881e-03,1.399999999999999986e-03,5.324999999999999734e-01,9.972999999999999643e-01,5.285390000000000299e+01,5.904319999999999879e+01,7.491589999999999350e+01,2.217889999999999873e+01,2.151869999999999905e+01,2.048730000000000118e+01,1.279400000000000093e+00,1.463500000000000023e+00,3.763000000000000234e-01,6.006899999999999906e+00,7.094000000000000306e+00,3.449100000000000055e+00,-9.585511424000000000e+09,-1.168375398400000000e+10,-1.848577228800000000e+10,2.642610000000000170e+01,2.952179999999999893e+01,3.745739999999999981e+01,5.000000000000000000e+00
3.653500000000000000e+05,2.262248000000000047e+03,8.267336000000000240e+02,5.692994999999999663e+02,7.250999999999999668e-01,6.820395999999999503e+02,9.837000000000000188e-01,3.713960000000000000e+05,7.290999999999999703e-01,1.452199999999999935e+00,8.971000000000000085e-01,8.249999999999999556e-01,2.299999999999999961e-03,1.600000000000000077e-03,6.805999999999999828e-01,9.883999999999999453e-01,1.141093000000000046e+02,1.070580999999999960e+02,1.039512000000000000e+02,3.138860000000000028e+01,3.145279999999999987e+01,2.833879999999999910e+01,3.835000000000000075e-01,5.575999999999999845e-01,3.931000000000000050e-01,2.870400000000000063e+00,2.785000000000000142e+00,2.525599999999999845e+00,-4.957440819200000000e+10,-4.362818355200000000e+10,-4.028536012800000000e+10,5.705559999999999832e+01,5.353079999999999927e+01,5.197749999999999915e+01,4.000000000000000000e+00
2.332790000000000000e+05,1.812400000000000091e+03,6.490757999999999583e+02,4.593955000000000268e+02,7.064000000000000279e-01,5.449954999999999927e+02,9.865000000000000435e-01,2.364700000000000000e+05,7.784999999999999698e-01,1.412900000000000045e+00,8.923999999999999710e-01,8.396000000000000130e-01,2.799999999999999972e-03,2.000000000000000042e-03,7.049999999999999600e-01,9.960999999999999854e-01,1.139908999999999963e+02,1.053298000000000059e+02,1.079338999999999942e+02,3.645040000000000191e+01,3.861249999999999716e+01,2.939199999999999946e+01,-1.454000000000000015e-01,2.381000000000000061e-01,-1.816000000000000114e-01,2.293400000000000105e+00,1.975899999999999990e+00,2.498299999999999965e+00,-3.255540736000000000e+10,-2.839403110400000000e+10,-2.792337817600000000e+10,5.698949999999999960e+01,5.266290000000000049e+01,5.396340000000000003e+01,1.000000000000000000e+00
3.430820000000000000e+05,2.286118899999999940e+03,9.267310999999999694e+02,4.840919999999999845e+02,8.527000000000000135e-01,6.609278000000000475e+02,9.778999999999999915e-01,3.508250000000000000e+05,6.643999999999999906e-01,1.914400000000000102e+00,8.248999999999999666e-01,7.131999999999999451e-01,2.700000000000000143e-03,1.399999999999999986e-03,5.086000000000000520e-01,9.737000000000000099e-01,1.268559000000000054e+02,1.103675999999999959e+02,1.066384999999999934e+02,3.333440000000000225e+01,3.319010000000000105e+01,2.513569999999999993e+01,3.478999999999999870e-01,3.029000000000000026e-01,5.944000000000000394e-01,2.578699999999999992e+00,2.353899999999999881e+00,2.927099999999999813e+00,-5.832576204800000000e+10,-4.401473945600000000e+10,-3.912475033600000000e+10,6.342660000000000053e+01,5.518370000000000175e+01,5.331860000000000355e+01,6.000000000000000000e+00
1.327210000000000000e+05,1.397781999999999925e+03,5.222059000000000424e+02,3.247898000000000138e+02,7.831000000000000183e-01,4.110785999999999945e+02,9.877000000000000224e-01,1.343790000000000000e+05,7.197000000000000064e-01,1.607799999999999896e+00,8.536000000000000254e-01,7.872000000000000108e-01,3.899999999999999821e-03,2.399999999999999790e-03,6.197000000000000286e-01,9.962999999999999634e-01,1.287901999999999987e+02,1.126046999999999940e+02,1.091306000000000012e+02,2.727220000000000155e+01,2.222889999999999944e+01,2.183680000000000021e+01,-1.021200000000000108e+00,-4.643999999999999795e-01,-2.970999999999999752e-01,3.535800000000000054e+00,3.374099999999999877e+00,3.590399999999999814e+00,-2.262762086400000000e+10,-1.671022182400000000e+10,-1.561421721600000000e+10,6.439929999999999666e+01,5.630870000000000175e+01,5.457000000000000028e+01,2.000000000000000000e+00
1.974840000000000000e+05,1.709349999999999909e+03,6.486502000000000407e+02,3.910427999999999997e+02,7.977999999999999536e-01,5.014424000000000206e+02,9.889999999999999902e-01,1.996720000000000000e+05,7.806999999999999496e-01,1.658800000000000052e+00,8.493000000000000549e-01,7.731000000000000094e-01,3.299999999999999982e-03,2.000000000000000042e-03,5.976000000000000201e-01,9.912999999999999590e-01,1.352942999999999927e+02,1.240970999999999975e+02,1.218251999999999953e+02,3.223570000000000135e+01,2.719059999999999988e+01,2.370589999999999975e+01,-9.102999999999999980e-01,-3.896999999999999909e-01,-4.660000000000000253e-01,3.383100000000000218e+00,2.771700000000000053e+00,3.463299999999999823e+00,-3.807100108800000000e+10,-3.115820851200000000e+10,-2.954163814400000000e+10,6.765109999999999957e+01,6.205380000000000251e+01,6.091749999999999687e+01,1.000000000000000000e+00
2.897740000000000000e+05,2.146248999999999796e+03,8.128782999999999674e+02,4.625507999999999811e+02,8.223000000000000309e-01,6.074139000000000124e+02,9.789999999999999813e-01,2.959990000000000000e+05,6.439000000000000279e-01,1.757400000000000073e+00,7.904999999999999805e-01,7.471999999999999753e-01,2.799999999999999972e-03,1.600000000000000077e-03,5.584000000000000075e-01,9.812999999999999501e-01,3.771589999999999776e+01,4.629220000000000113e+01,4.945020000000000238e+01,1.746150000000000091e+01,1.960150000000000148e+01,1.767180000000000106e+01,1.540200000000000014e+00,2.503299999999999859e+00,1.477899999999999991e+00,8.131600000000000605e+00,1.310040000000000049e+01,7.785999999999999588e+00,-3.925847040000000000e+09,-6.004471808000000000e+09,-6.527827456000000000e+09,1.885920000000000130e+01,2.314819999999999922e+01,2.472710000000000008e+01,5.000000000000000000e+00
3.212820000000000000e+05,2.090699000000000069e+03,6.813436000000000377e+02,6.047192000000000007e+02,4.606999999999999984e-01,6.395850000000000364e+02,9.913999999999999480e-01,3.240550000000000000e+05,7.737000000000000544e-01,1.126700000000000035e+00,9.236999999999999655e-01,9.386999999999999789e-01,2.099999999999999870e-03,1.899999999999999996e-03,8.811999999999999833e-01,9.928000000000000158e-01,1.408404999999999916e+02,1.343282000000000096e+02,1.305658999999999992e+02,2.823789999999999978e+01,2.170840000000000103e+01,2.432610000000000028e+01,-7.816999999999999504e-01,-4.809999999999999831e-01,-4.549000000000000266e-01,3.679100000000000037e+00,3.202799999999999869e+00,3.062100000000000044e+00,-6.633089843200000000e+10,-5.874426675200000000e+10,-5.577522790400000000e+10,7.041530000000000200e+01,6.716289999999999338e+01,6.527970000000000539e+01,4.000000000000000000e+00
4.688550000000000000e+05,2.620268099999999777e+03,9.182051000000000158e+02,6.626828000000000429e+02,6.922000000000000375e-01,7.726349000000000160e+02,9.831999999999999629e-01,4.768550000000000000e+05,7.408000000000000140e-01,1.385599999999999943e+00,8.580999999999999739e-01,8.415000000000000258e-01,2.000000000000000042e-03,1.399999999999999986e-03,7.080999999999999517e-01,9.810999999999999721e-01,1.377900999999999954e+02,1.325824000000000069e+02,1.273876000000000062e+02,3.017439999999999856e+01,2.470120000000000005e+01,2.855799999999999983e+01,-6.691000000000000281e-01,-3.915000000000000147e-01,-3.770000000000000018e-01,3.479800000000000004e+00,3.306700000000000195e+00,2.780199999999999783e+00,-9.312448512000000000e+10,-8.419065856000000000e+10,-7.858151424000000000e+10,6.889650000000000318e+01,6.629110000000000014e+01,6.369460000000000122e+01,4.000000000000000000e+00
4.055360000000000000e+05,2.434855000000000018e+03,8.834255000000000564e+02,5.939301000000000386e+02,7.402999999999999581e-01,7.185711000000000013e+02,9.785000000000000364e-01,4.144640000000000000e+05,7.553999999999999604e-01,1.487400000000000055e+00,8.596000000000000307e-01,8.134000000000000119e-01,2.200000000000000133e-03,1.500000000000000031e-03,6.615999999999999659e-01,9.840999999999999748e-01,1.115550999999999959e+02,1.039368000000000052e+02,1.033105999999999938e+02,2.572569999999999979e+01,2.529200000000000159e+01,2.770710000000000051e+01,-2.281999999999999862e-01,1.005000000000000060e-01,1.358999999999999930e-01,3.033500000000000085e+00,3.014800000000000146e+00,2.711500000000000021e+00,-5.090435072000000000e+10,-4.387252224000000000e+10,-4.396650905600000000e+10,5.577879999999999683e+01,5.196900000000000119e+01,5.165579999999999927e+01,4.000000000000000000e+00
1.091750000000000000e+05,1.236871000000000095e+03,4.383364000000000260e+02,3.176121999999999730e+02,6.892000000000000348e-01,3.728349999999999795e+02,9.909999999999999920e-01,1.101660000000000000e+05,7.289999999999999813e-01,1.380100000000000104e+00,8.968000000000000416e-01,8.506000000000000227e-01,4.000000000000000083e-03,2.899999999999999800e-03,7.235000000000000320e-01,9.985000000000000542e-01,1.410726999999999975e+02,1.384074999999999989e+02,1.262758000000000038e+02,3.488280000000000314e+01,2.441659999999999897e+01,2.828930000000000078e+01,-9.273000000000000131e-01,-4.416999999999999815e-01,-4.465000000000000080e-01,3.133100000000000218e+00,2.545799999999999841e+00,2.502200000000000202e+00,-2.319451750400000000e+10,-2.145504460800000000e+10,-1.794588057600000000e+10,7.053979999999999961e+01,6.921009999999999707e+01,6.314500000000000313e+01,2.000000000000000000e+00
2.470360000000000000e+05,1.961301999999999907e+03,6.940135000000000218e+02,5.244564000000000306e+02,6.549000000000000377e-01,5.608351000000000113e+02,8.833999999999999631e-01,2.796280000000000000e+05,7.019999999999999574e-01,1.323299999999999921e+00,8.070000000000000506e-01,8.081000000000000405e-01,2.799999999999999972e-03,2.099999999999999870e-03,6.530000000000000249e-01,8.641999999999999682e-01,1.318418000000000063e+02,1.202329000000000008e+02,1.063024000000000058e+02,3.520409999999999684e+01,3.447200000000000131e+01,3.302369999999999806e+01,-3.724999999999999978e-01,-3.116999999999999771e-01,-2.053999999999999992e-01,2.353200000000000180e+00,2.379599999999999937e+00,2.523400000000000087e+00,-4.580090675200000000e+10,-3.787159142400000000e+10,-2.935080140800000000e+10,6.592579999999999529e+01,6.012160000000000082e+01,5.315579999999999927e+01,6.000000000000000000e+00
1.519630000000000000e+05,1.477179000000000087e+03,5.514623000000000275e+02,3.520079999999999814e+02,7.698000000000000398e-01,4.398695999999999913e+02,9.918000000000000149e-01,1.532200000000000000e+05,6.907999999999999696e-01,1.566599999999999993e+00,8.750999999999999890e-01,7.975999999999999757e-01,3.599999999999999901e-03,2.299999999999999961e-03,6.361999999999999877e-01,9.967000000000000304e-01,1.455526000000000124e+02,1.480502999999999929e+02,1.279050000000000011e+02,2.812659999999999982e+01,1.824149999999999849e+01,2.267330000000000112e+01,-1.457600000000000007e+00,-1.226900000000000102e+00,-8.133000000000000229e-01,5.177599999999999980e+00,5.002299999999999969e+00,3.453699999999999992e+00,-3.359916236800000000e+10,-3.394355200000000000e+10,-2.510446796800000000e+10,7.277370000000000516e+01,7.402580000000000382e+01,6.395470000000000255e+01,2.000000000000000000e+00
3.982020000000000000e+05,2.425731000000000222e+03,8.722453000000000429e+02,5.973273000000000366e+02,7.287000000000000144e-01,7.120439000000000078e+02,9.734000000000000430e-01,4.090880000000000000e+05,7.087999999999999856e-01,1.460199999999999942e+00,8.504000000000000448e-01,8.163000000000000256e-01,2.200000000000000133e-03,1.500000000000000031e-03,6.663999999999999924e-01,9.730999999999999650e-01,1.026821000000000055e+02,9.681680000000000064e+01,1.001136999999999944e+02,2.873489999999999966e+01,2.845110000000000028e+01,2.839140000000000086e+01,-5.310000000000000137e-02,1.403999999999999970e-01,-1.750000000000000167e-02,2.537999999999999812e+00,2.660800000000000054e+00,2.577199999999999935e+00,-4.290907750400000000e+10,-3.804778905600000000e+10,-4.067545907200000000e+10,5.134320000000000306e+01,4.841219999999999857e+01,5.005919999999999703e+01,4.000000000000000000e+00
4.853020000000000000e+05,2.644227100000000064e+03,9.354222999999999502e+02,6.667930000000000064e+02,7.013000000000000345e-01,7.860697999999999865e+02,9.840999999999999748e-01,4.931520000000000000e+05,8.093000000000000194e-01,1.402900000000000036e+00,8.721999999999999753e-01,8.403000000000000469e-01,1.899999999999999996e-03,1.399999999999999986e-03,7.062000000000000499e-01,9.907000000000000250e-01,1.227899000000000029e+02,1.139505999999999943e+02,1.079262999999999977e+02,3.326160000000000139e+01,2.937000000000000099e+01,2.466430000000000078e+01,-4.037999999999999923e-01,-3.942999999999999838e-01,6.219999999999999835e-02,2.165999999999999925e+00,2.340500000000000025e+00,2.713000000000000078e+00,-7.711786598400000000e+10,-6.486755737600000000e+10,-5.657296076800000000e+10,6.139900000000000091e+01,5.697729999999999961e+01,5.396670000000000300e+01,4.000000000000000000e+00
1.616020000000000000e+05,1.700895999999999958e+03,6.718093000000000075e+02,4.046780999999999722e+02,7.982000000000000206e-01,4.536055999999999813e+02,8.374000000000000332e-01,1.929730000000000000e+05,6.520000000000000240e-01,1.660099999999999909e+00,7.018999999999999684e-01,6.752000000000000224e-01,4.199999999999999740e-03,2.500000000000000052e-03,4.559000000000000274e-01,7.568000000000000282e-01,1.489073999999999955e+02,1.471728999999999985e+02,1.374059000000000026e+02,3.709440000000000026e+01,3.181169999999999831e+01,2.741079999999999828e+01,-1.027600000000000069e+00,-6.671000000000000263e-01,-6.724999999999999867e-01,3.300800000000000178e+00,2.491099999999999870e+00,2.633500000000000174e+00,-3.870042521600000000e+10,-3.704777113600000000e+10,-3.158725222400000000e+10,7.445650000000000546e+01,7.358710000000000662e+01,6.870430000000000348e+01,1.000000000000000000e+00
1.149870000000000000e+05,1.249179000000000087e+03,4.557418000000000120e+02,3.218138999999999896e+02,7.080999999999999517e-01,3.826304000000000087e+02,9.915000000000000480e-01,1.159680000000000000e+05,7.674999999999999600e-01,1.416199999999999903e+00,9.260000000000000453e-01,8.396000000000000130e-01,4.000000000000000083e-03,2.799999999999999972e-03,7.048999999999999710e-01,9.981999999999999762e-01,1.073572000000000060e+02,9.790510000000000446e+01,1.024415000000000049e+02,2.736449999999999960e+01,2.089580000000000126e+01,2.215350000000000108e+01,-9.381000000000000449e-01,-2.003000000000000058e-01,9.919999999999999651e-02,3.167100000000000026e+00,5.242899999999999672e+00,3.743700000000000028e+00,-1.344061235200000000e+10,-1.071233228800000000e+10,-1.186332262400000000e+10,5.367580000000000240e+01,4.895329999999999870e+01,5.121979999999999933e+01,2.000000000000000000e+00
2.605630000000000000e+05,1.975374000000000024e+03,7.625054999999999836e+02,4.378509999999999991e+02,8.186999999999999833e-01,5.759854000000000269e+02,9.870999999999999774e-01,2.639770000000000000e+05,6.647999999999999465e-01,1.741500000000000048e+00,8.390999999999999570e-01,7.553999999999999604e-01,2.899999999999999800e-03,1.699999999999999905e-03,5.705999999999999961e-01,9.937000000000000277e-01,3.245490000000000208e+01,4.476590000000000202e+01,5.776659999999999684e+01,1.399939999999999962e+01,1.692980000000000018e+01,1.985210000000000008e+01,8.733999999999999542e-01,2.416700000000000070e+00,3.580999999999999739e-01,7.777800000000000047e+00,1.626439999999999841e+01,3.660600000000000076e+00,-2.424508160000000000e+09,-4.791147520000000000e+09,-8.197618688000000000e+09,1.623039999999999949e+01,2.238599999999999923e+01,2.888599999999999923e+01,5.000000000000000000e+00
4.549170000000000000e+05,2.485561999999999898e+03,8.697584000000000515e+02,6.720792000000000144e+02,6.347000000000000419e-01,7.610639999999999645e+02,9.927000000000000268e-01,4.582730000000000000e+05,7.387000000000000233e-01,1.294100000000000028e+00,9.253000000000000114e-01,8.750000000000000000e-01,1.899999999999999996e-03,1.500000000000000031e-03,7.657000000000000473e-01,9.909000000000000030e-01,1.108130000000000024e+02,1.076578999999999979e+02,1.007982999999999976e+02,2.790170000000000172e+01,2.074230000000000018e+01,2.588090000000000046e+01,-3.971999999999999975e-01,2.725000000000000200e-01,6.269000000000000128e-01,2.825699999999999878e+00,3.396700000000000053e+00,4.288999999999999702e+00,-5.695909068800000000e+10,-5.176226201600000000e+10,-4.639105843200000000e+10,5.540550000000000352e+01,5.382869999999999777e+01,5.039939999999999998e+01,0.000000000000000000e+00
3.288250000000000000e+05,2.226320999999999913e+03,8.452898000000000138e+02,5.205520999999999958e+02,7.879000000000000448e-01,6.470493999999999915e+02,9.565000000000000169e-01,3.437790000000000000e+05,7.461999999999999744e-01,1.623799999999999910e+00,8.336999999999999966e-01,7.654999999999999583e-01,2.599999999999999881e-03,1.600000000000000077e-03,5.859999999999999654e-01,9.515000000000000124e-01,1.417715000000000032e+02,1.395946000000000140e+02,1.336760999999999910e+02,3.592889999999999873e+01,3.073669999999999902e+01,2.802720000000000056e+01,-7.366000000000000325e-01,-5.704000000000000181e-01,-4.089999999999999747e-01,2.649599999999999955e+00,2.409199999999999786e+00,2.375500000000000167e+00,-7.089737728000000000e+10,-6.725949440000000000e+10,-6.081405747200000000e+10,7.088320000000000221e+01,6.979590000000000316e+01,6.683650000000000091e+01,6.000000000000000000e+00
1.433560000000000000e+05,1.426459000000000060e+03,5.508297000000000025e+02,3.316247999999999934e+02,7.984999999999999876e-01,4.272312000000000012e+02,9.938000000000000167e-01,1.442490000000000000e+05,7.981000000000000316e-01,1.661000000000000032e+00,8.852999999999999758e-01,7.755999999999999561e-01,3.799999999999999992e-03,2.299999999999999961e-03,6.016000000000000236e-01,9.991999999999999771e-01,1.166430000000000007e+02,1.191972999999999985e+02,1.064352999999999980e+02,3.923109999999999786e+01,3.739370000000000260e+01,3.103859999999999886e+01,-4.753000000000000003e-01,-5.714000000000000190e-01,-5.239000000000000323e-01,2.054699999999999971e+00,2.005300000000000082e+00,2.174599999999999866e+00,-2.129227980800000000e+10,-2.196100505600000000e+10,-1.684460953600000000e+10,5.831450000000000244e+01,5.959239999999999782e+01,5.321020000000000039e+01,2.000000000000000000e+00
2.433530000000000000e+05,1.853186999999999898e+03,6.644248000000000047e+02,4.698410000000000082e+02,7.070999999999999508e-01,5.566386999999999716e+02,9.892999999999999572e-01,2.459850000000000000e+05,7.160999999999999588e-01,1.414099999999999913e+00,8.903999999999999693e-01,8.377999999999999892e-01,2.700000000000000143e-03,1.899999999999999996e-03,7.018999999999999684e-01,9.925000000000000488e-01,1.142049999999999983e+02,9.670000000000000284e+01,9.174269999999999925e+01,3.361690000000000111e+01,2.767320000000000135e+01,3.125779999999999959e+01,-8.129999999999999449e-01,-1.436999999999999944e-01,-1.165999999999999953e-01,2.698900000000000077e+00,2.586599999999999788e+00,2.392300000000000093e+00,-3.344989798400000000e+10,-2.305684070400000000e+10,-2.135620608000000000e+10,5.710719999999999885e+01,4.835139999999999816e+01,4.587500000000000000e+01,6.000000000000000000e+00
3.872400000000000000e+05,2.410899899999999889e+03,9.208606999999999516e+02,5.392838000000000420e+02,8.105999999999999872e-01,7.021747000000000298e+02,9.792999999999999483e-01,3.954120000000000000e+05,7.064000000000000279e-01,1.707600000000000007e+00,8.372000000000000552e-01,7.624999999999999556e-01,2.399999999999999790e-03,1.399999999999999986e-03,5.814000000000000279e-01,9.928000000000000158e-01,6.093739999999999668e+01,7.533369999999999322e+01,8.309579999999999700e+01,1.878650000000000020e+01,1.898079999999999856e+01,2.114140000000000086e+01,6.070999999999999730e-01,1.344500000000000028e+00,2.780000000000000249e-01,3.964199999999999946e+00,7.127500000000000391e+00,2.854000000000000092e+00,-1.336265216000000000e+10,-2.064485785600000000e+10,-2.568935833600000000e+10,3.046799999999999997e+01,3.766700000000000159e+01,4.154740000000000322e+01,5.000000000000000000e+00
4.129160000000000000e+05,2.413862999999999829e+03,8.337471000000000458e+02,6.403206000000000131e+02,6.403999999999999693e-01,7.250800000000000409e+02,9.779999999999999805e-01,4.221990000000000000e+05,7.274000000000000465e-01,1.302100000000000035e+00,8.904999999999999583e-01,8.697000000000000286e-01,2.000000000000000042e-03,1.600000000000000077e-03,7.562999999999999723e-01,9.848000000000000087e-01,1.205091000000000037e+02,1.139278000000000048e+02,1.121599999999999966e+02,3.125469999999999970e+01,3.056830000000000069e+01,2.656739999999999924e+01,-4.199999999999999845e-01,-1.814000000000000057e-01,-7.549999999999999767e-02,2.727399999999999824e+00,2.522400000000000198e+00,2.984500000000000153e+00,-6.249952870400000000e+10,-5.554761318400000000e+10,-5.264818176000000000e+10,6.025339999999999918e+01,5.696490000000000009e+01,5.608030000000000115e+01,4.000000000000000000e+00
1.662120000000000000e+05,1.553135999999999967e+03,5.715416000000000167e+02,3.734685999999999808e+02,7.570000000000000062e-01,4.600301000000000045e+02,9.845000000000000417e-01,1.688290000000000000e+05,6.771000000000000352e-01,1.530399999999999983e+00,8.659000000000000030e-01,8.048999999999999488e-01,3.399999999999999811e-03,2.200000000000000133e-03,6.479000000000000314e-01,9.913999999999999480e-01,1.329693000000000040e+02,1.335493999999999915e+02,1.254424000000000063e+02,3.607789999999999964e+01,2.887529999999999930e+01,2.531510000000000105e+01,-5.856000000000000094e-01,-3.748000000000000220e-01,-2.424000000000000044e-01,2.550899999999999945e+00,2.503800000000000026e+00,2.646500000000000075e+00,-3.147568947200000000e+10,-3.078065152000000000e+10,-2.661851545600000000e+10,6.648210000000000264e+01,6.677479999999999905e+01,6.272140000000000271e+01,2.000000000000000000e+00
2.961010000000000000e+05,2.069205100000000130e+03,7.726998999999999569e+02,4.930547000000000253e+02,7.700000000000000178e-01,6.140093000000000529e+02,9.811999999999999611e-01,3.017610000000000000e+05,8.024000000000000021e-01,1.567199999999999926e+00,8.689999999999999947e-01,7.945999999999999730e-01,2.599999999999999881e-03,1.699999999999999905e-03,6.313999999999999613e-01,9.896000000000000352e-01,1.047356000000000051e+02,8.936310000000000286e+01,8.681239999999999668e+01,3.361590000000000344e+01,2.965210000000000079e+01,2.975120000000000076e+01,-5.645000000000000018e-01,6.219999999999999835e-02,3.900000000000000133e-01,2.377499999999999947e+00,2.568400000000000016e+00,2.686999999999999833e+00,-3.427538329600000000e+10,-2.435831193600000000e+10,-2.305880678400000000e+10,5.236800000000000210e+01,4.468310000000000315e+01,4.340690000000000026e+01,6.000000000000000000e+00
4.398410000000000000e+05,2.570469000000000051e+03,9.438855999999999540e+02,5.997910000000000537e+02,7.721000000000000085e-01,7.483468000000000302e+02,9.888000000000000123e-01,4.448450000000000000e+05,7.694999999999999618e-01,1.573700000000000099e+00,8.365000000000000213e-01,7.927999999999999492e-01,2.099999999999999870e-03,1.399999999999999986e-03,6.286000000000000476e-01,9.891999999999999682e-01,1.271567000000000007e+02,1.145041999999999973e+02,1.223956000000000017e+02,3.183170000000000144e+01,2.824449999999999861e+01,2.596270000000000167e+01,-4.365999999999999881e-01,-3.623999999999999999e-01,-6.620000000000000329e-01,2.740099999999999980e+00,3.002699999999999925e+00,3.606399999999999828e+00,-7.452653158400000000e+10,-5.902068531200000000e+10,-6.705367040000000000e+10,6.357330000000000325e+01,5.725079999999999814e+01,6.119429999999999836e+01,4.000000000000000000e+00
4.295380000000000000e+05,2.421331999999999880e+03,8.711118000000000166e+02,6.319022999999999683e+02,6.883000000000000229e-01,7.395300999999999476e+02,9.933999999999999497e-01,4.324060000000000000e+05,7.128999999999999782e-01,1.378600000000000048e+00,9.206999999999999629e-01,8.488999999999999879e-01,2.000000000000000042e-03,1.500000000000000031e-03,7.207000000000000073e-01,9.935000000000000497e-01,6.363909999999999911e+01,7.183839999999999293e+01,7.289339999999999975e+01,2.348639999999999972e+01,2.535320000000000107e+01,3.010679999999999978e+01,1.820799999999999974e+00,2.252299999999999969e+00,1.778999999999999915e+00,1.128379999999999939e+01,1.082450000000000045e+01,7.761899999999999800e+00,-1.719769292800000000e+10,-2.224565862400000000e+10,-2.422059212800000000e+10,3.181749999999999901e+01,3.591899999999999693e+01,3.644680000000000319e+01,3.000000000000000000e+00
9.890300000000000000e+04,1.172511999999999944e+03,4.308867000000000189e+02,2.925120000000000005e+02,7.342999999999999527e-01,3.548621999999999730e+02,9.892999999999999572e-01,9.997000000000000000e+04,7.751000000000000112e-01,1.473100000000000076e+00,9.040000000000000258e-01,8.235999999999999988e-01,4.400000000000000265e-03,3.000000000000000062e-03,6.783000000000000140e-01,9.990999999999999881e-01,1.136538000000000039e+02,1.118168000000000006e+02,1.039329000000000036e+02,3.409550000000000125e+01,2.884600000000000009e+01,2.778729999999999833e+01,-4.490999999999999992e-01,-1.454000000000000015e-01,-1.100000000000000066e-03,2.503600000000000048e+00,2.176099999999999923e+00,2.458499999999999908e+00,-1.351126220800000000e+10,-1.268466278400000000e+10,-1.085840691200000000e+10,5.681170000000000186e+01,5.590489999999999782e+01,5.196359999999999957e+01,2.000000000000000000e+00
1.361590000000000000e+05,1.393308999999999969e+03,5.186189000000000533e+02,3.353106999999999971e+02,7.629000000000000226e-01,4.163688999999999965e+02,9.860999999999999766e-01,1.380840000000000000e+05,7.805999999999999606e-01,1.546699999999999964e+00,8.813999999999999613e-01,8.027999999999999581e-01,3.799999999999999992e-03,2.500000000000000052e-03,6.445999999999999508e-01,9.969000000000000083e-01,1.343337999999999965e+02,1.364624000000000024e+02,1.265628999999999991e+02,3.319570000000000221e+01,2.592660000000000053e+01,2.775179999999999936e+01,-1.173100000000000032e+00,-9.182000000000000162e-01,-5.872000000000000552e-01,3.660200000000000120e+00,3.072000000000000064e+00,2.477500000000000036e+00,-2.596494131200000000e+10,-2.609155686400000000e+10,-2.243394560000000000e+10,6.716589999999999350e+01,6.822929999999999495e+01,6.328000000000000114e+01,2.000000000000000000e+00
3.143130000000000000e+05,2.040285000000000082e+03,7.289533999999999878e+02,5.509473000000000411e+02,6.548000000000000487e-01,6.326101999999999634e+02,9.942999999999999616e-01,3.161110000000000000e+05,7.459999999999999964e-01,1.323099999999999943e+00,9.487999999999999767e-01,8.678000000000000158e-01,2.299999999999999961e-03,1.799999999999999951e-03,7.530999999999999917e-01,9.965000000000000524e-01,8.721859999999999502e+01,8.478249999999999886e+01,8.210909999999999798e+01,2.579970000000000141e+01,2.329179999999999851e+01,2.975799999999999912e+01,1.202499999999999902e+00,2.120099999999999874e+00,1.972499999999999920e+00,8.497999999999999332e+00,1.255030000000000001e+01,9.795700000000000074e+00,-2.389639782400000000e+10,-2.213718425600000000e+10,-2.206417715200000000e+10,4.361220000000000141e+01,4.239509999999999934e+01,4.105969999999999942e+01,0.000000000000000000e+00
3.069750000000000000e+05,2.306068099999999959e+03,9.035195999999999685e+02,4.469451000000000249e+02,8.690999999999999837e-01,6.251820999999999913e+02,9.443000000000000282e-01,3.250820000000000000e+05,5.760999999999999455e-01,2.021500000000000075e+00,7.254000000000000448e-01,6.918999999999999595e-01,2.899999999999999800e-03,1.500000000000000031e-03,4.788000000000000034e-01,9.678999999999999826e-01,4.455080000000000240e+01,5.452980000000000160e+01,6.778400000000000603e+01,2.684319999999999951e+01,2.676360000000000028e+01,2.156480000000000175e+01,2.586699999999999999e+00,2.180699999999999861e+00,4.741000000000000214e-01,1.221470000000000056e+01,8.768599999999999284e+00,3.737299999999999844e+00,-7.112043008000000000e+09,-9.826971648000000000e+09,-1.353221836800000000e+10,2.227690000000000126e+01,2.726660000000000039e+01,3.389289999999999736e+01,5.000000000000000000e+00
3.181890000000000000e+05,2.250433100000000195e+03,8.483229999999999791e+02,4.831062999999999761e+02,8.219999999999999529e-01,6.364989000000000487e+02,9.784000000000000474e-01,3.252210000000000000e+05,6.359000000000000208e-01,1.756000000000000005e+00,7.894999999999999796e-01,7.502999999999999670e-01,2.700000000000000143e-03,1.500000000000000031e-03,5.629999999999999449e-01,9.885000000000000453e-01,4.500090000000000146e+01,5.430100000000000193e+01,6.290959999999999752e+01,2.762399999999999878e+01,2.753590000000000160e+01,2.147520000000000095e+01,2.543099999999999916e+00,2.319100000000000161e+00,9.193000000000000060e-01,1.159740000000000038e+01,9.375500000000000611e+00,4.881099999999999994e+00,-7.641234432000000000e+09,-1.027732992000000000e+10,-1.210651340800000000e+10,2.249919999999999831e+01,2.715190000000000126e+01,3.145469999999999899e+01,5.000000000000000000e+00
3.865360000000000000e+05,2.280798099999999977e+03,7.684710000000000036e+02,6.448982999999999493e+02,5.437999999999999501e-01,7.015361000000000331e+02,9.940999999999999837e-01,3.888270000000000000e+05,7.386000000000000343e-01,1.191599999999999993e+00,9.336999999999999744e-01,9.129000000000000448e-01,2.000000000000000042e-03,1.699999999999999905e-03,8.334000000000000297e-01,9.930999999999999828e-01,6.455169999999999675e+01,6.624020000000000152e+01,6.249430000000000263e+01,2.225069999999999837e+01,2.274699999999999989e+01,2.458340000000000103e+01,1.622000000000000108e+00,2.588200000000000056e+00,2.128699999999999815e+00,1.258339999999999925e+01,1.537250000000000050e+01,1.289179999999999993e+01,-1.563714457600000000e+10,-1.658348748800000000e+10,-1.520165376000000000e+10,3.227609999999999957e+01,3.312010000000000076e+01,3.124719999999999942e+01,3.000000000000000000e+00
1.434460000000000000e+05,1.435195999999999913e+03,5.464085999999999785e+02,3.353802000000000021e+02,7.894999999999999796e-01,4.273652999999999906e+02,9.896000000000000352e-01,1.449480000000000000e+05,7.641000000000000014e-01,1.629199999999999982e+00,8.750999999999999890e-01,7.821000000000000174e-01,3.799999999999999992e-03,2.299999999999999961e-03,6.117000000000000215e-01,9.967000000000000304e-01,1.109878999999999962e+02,1.059641000000000020e+02,9.782080000000000553e+01,2.726620000000000132e+01,2.422289999999999921e+01,2.424729999999999919e+01,-5.141999999999999904e-01,-2.695000000000000173e-01,-3.095999999999999863e-01,2.704600000000000115e+00,2.578300000000000036e+00,2.704800000000000093e+00,-1.795527270400000000e+10,-1.605341491200000000e+10,-1.360108032000000000e+10,5.549289999999999878e+01,5.298349999999999937e+01,4.891219999999999857e+01,2.000000000000000000e+00
3.913760000000000000e+05,2.544782999999999902e+03,8.977681999999999789e+02,5.574371999999999616e+02,7.839000000000000412e-01,7.059145999999999503e+02,9.649999999999999689e-01,4.055820000000000000e+05,7.216000000000000192e-01,1.610500000000000043e+00,7.594999999999999529e-01,7.862999999999999989e-01,2.299999999999999961e-03,1.399999999999999986e-03,6.182999999999999607e-01,9.957000000000000295e-01,4.017920000000000158e+01,4.909530000000000172e+01,5.444050000000000011e+01,1.839659999999999940e+01,1.764730000000000132e+01,1.680499999999999972e+01,5.411000000000000254e-01,2.240000000000000213e+00,8.776000000000000467e-01,3.806500000000000217e+00,1.278870000000000040e+01,5.995499999999999829e+00,-6.051780608000000000e+09,-8.706247680000000000e+09,-1.050044620800000000e+10,2.009120000000000061e+01,2.454929999999999879e+01,2.722190000000000154e+01,5.000000000000000000e+00
3.608760000000000000e+05,2.298827900000000227e+03,8.082623999999999569e+02,5.732374999999999545e+02,7.049999999999999600e-01,6.778506999999999607e+02,9.836000000000000298e-01,3.668750000000000000e+05,7.381999999999999673e-01,1.409999999999999920e+00,8.580999999999999739e-01,8.387000000000000011e-01,2.200000000000000133e-03,1.600000000000000077e-03,7.033000000000000362e-01,9.917000000000000259e-01,1.392468000000000075e+02,1.311025999999999954e+02,1.255114999999999981e+02,3.695009999999999906e+01,3.419650000000000034e+01,3.270400000000000063e+01,-5.825000000000000178e-01,-4.319000000000000061e-01,-2.772000000000000020e-01,2.468999999999999861e+00,2.251700000000000035e+00,2.374600000000000044e+00,-7.535424307200000000e+10,-6.582532915200000000e+10,-5.980212838400000000e+10,6.962579999999999814e+01,6.555610000000000070e+01,6.275849999999999795e+01,4.000000000000000000e+00
4.113220000000000000e+05,2.337243899999999940e+03,8.138591000000000122e+02,6.439749000000000478e+02,6.115000000000000435e-01,7.236790999999999485e+02,9.953999999999999515e-01,4.132190000000000000e+05,7.989000000000000545e-01,1.263800000000000034e+00,9.462000000000000410e-01,8.891999999999999904e-01,2.000000000000000042e-03,1.600000000000000077e-03,7.906999999999999584e-01,9.991999999999999771e-01,6.994679999999999609e+01,8.140959999999999752e+01,7.861839999999999407e+01,2.554260000000000019e+01,2.615429999999999922e+01,2.815070000000000050e+01,1.158199999999999896e+00,1.572300000000000031e+00,1.504199999999999982e+00,8.634700000000000486e+00,8.274699999999999278e+00,7.944799999999999862e+00,-2.022395494400000000e+10,-2.737371545600000000e+10,-2.609512652800000000e+10,3.497290000000000276e+01,4.070450000000000301e+01,3.930859999999999843e+01,3.000000000000000000e+00
4.195540000000000000e+05,2.354083999999999833e+03,8.322400999999999840e+02,6.439600000000000364e+02,6.334999999999999520e-01,7.308849000000000160e+02,9.959999999999999964e-01,4.212230000000000000e+05,7.782999999999999918e-01,1.292399999999999993e+00,9.514000000000000234e-01,8.781999999999999806e-01,2.000000000000000042e-03,1.500000000000000031e-03,7.712999999999999856e-01,9.968000000000000194e-01,8.184590000000000032e+01,7.963979999999999393e+01,7.388219999999999743e+01,2.205499999999999972e+01,2.159860000000000113e+01,2.802370000000000161e+01,1.093699999999999894e+00,2.214799999999999880e+00,2.386299999999999866e+00,1.102580000000000027e+01,1.430959999999999965e+01,1.214729999999999954e+01,-2.719010611200000000e+10,-2.565371084800000000e+10,-2.367023923200000000e+10,4.091960000000000264e+01,3.981730000000000302e+01,3.693919999999999959e+01,0.000000000000000000e+00
1.911630000000000000e+05,1.695763999999999896e+03,6.410919000000000096e+02,3.803460000000000036e+02,8.050000000000000488e-01,4.933521000000000072e+02,9.865000000000000435e-01,1.937800000000000000e+05,7.496000000000000441e-01,1.685499999999999998e+00,8.354000000000000314e-01,7.694999999999999618e-01,3.399999999999999811e-03,2.000000000000000042e-03,5.921999999999999487e-01,9.981999999999999762e-01,1.259962000000000018e+02,1.171444000000000045e+02,1.114114000000000004e+02,3.572599999999999909e+01,3.514889999999999759e+01,2.897690000000000055e+01,-7.478000000000000203e-01,-4.541999999999999926e-01,-4.212000000000000188e-01,2.588499999999999801e+00,2.057700000000000085e+00,2.160099999999999909e+00,-3.240057446400000000e+10,-2.791982284800000000e+10,-2.434560614400000000e+10,6.299849999999999994e+01,5.857249999999999801e+01,5.570660000000000167e+01,1.000000000000000000e+00
4.077890000000000000e+05,2.308409900000000107e+03,7.887269999999999754e+02,6.645451000000000477e+02,5.385999999999999677e-01,7.205643999999999778e+02,9.958000000000000185e-01,4.095140000000000000e+05,7.593999999999999639e-01,1.186900000000000066e+00,9.616999999999999993e-01,9.135999999999999677e-01,1.899999999999999996e-03,1.600000000000000077e-03,8.346000000000000085e-01,9.906000000000000361e-01,9.031879999999999598e+01,9.501770000000000493e+01,9.070369999999999777e+01,2.886400000000000077e+01,2.650929999999999964e+01,3.268990000000000151e+01,-2.363999999999999990e-01,2.399000000000000021e-01,1.078100000000000058e+00,3.442899999999999849e+00,4.073500000000000121e+00,5.477000000000000313e+00,-3.400264704000000000e+10,-3.700377600000000000e+10,-3.555540992000000000e+10,4.516440000000000055e+01,4.751290000000000191e+01,4.535860000000000269e+01,0.000000000000000000e+00
1.347840000000000000e+05,1.396613000000000056e+03,5.129981999999999971e+02,3.378874999999999886e+02,7.523999999999999577e-01,4.142611999999999739e+02,9.814000000000000501e-01,1.373370000000000000e+05,7.789000000000000368e-01,1.518299999999999983e+00,8.683999999999999497e-01,8.074999999999999956e-01,3.799999999999999992e-03,2.500000000000000052e-03,6.521000000000000130e-01,9.900999999999999801e-01,1.256617999999999995e+02,1.268657999999999930e+02,1.070575999999999937e+02,2.723529999999999873e+01,2.042589999999999861e+01,2.607469999999999999e+01,-7.562999999999999723e-01,-2.656000000000000028e-01,-1.187000000000000000e-01,3.177700000000000191e+00,2.732800000000000118e+00,2.346499999999999808e+00,-2.182774784000000000e+10,-2.172388761600000000e+10,-1.556631756800000000e+10,6.282860000000000156e+01,6.343419999999999703e+01,5.352900000000000347e+01,2.000000000000000000e+00
3.001030000000000000e+05,2.210626999999999953e+03,8.815924999999999727e+02,4.385842999999999847e+02,8.675000000000000488e-01,6.181448000000000320e+02,9.661999999999999478e-01,3.106120000000000000e+05,7.560000000000000053e-01,2.010099999999999998e+00,7.717000000000000526e-01,7.012000000000000455e-01,2.899999999999999800e-03,1.500000000000000031e-03,4.915999999999999814e-01,9.881999999999999673e-01,3.874320000000000164e+01,4.298619999999999663e+01,5.309420000000000073e+01,1.840909999999999869e+01,1.812610000000000099e+01,1.861139999999999972e+01,2.220000000000000195e+00,2.602399999999999824e+00,6.971000000000000529e-01,1.400810000000000066e+01,1.480910000000000082e+01,4.360000000000000320e+00,-4.386896896000000000e+09,-5.256818688000000000e+09,-7.868140544000000000e+09,1.937150000000000105e+01,2.149589999999999890e+01,2.654820000000000135e+01,5.000000000000000000e+00
3.042690000000000000e+05,2.135521000000000186e+03,7.993446000000000140e+02,4.854947999999999979e+02,7.943999999999999950e-01,6.224204999999999472e+02,9.913999999999999480e-01,3.069110000000000000e+05,6.787999999999999590e-01,1.646500000000000075e+00,8.384000000000000341e-01,7.786999999999999478e-01,2.599999999999999881e-03,1.600000000000000077e-03,6.062999999999999501e-01,9.982999999999999652e-01,4.763499999999999801e+01,5.912189999999999657e+01,6.895659999999999457e+01,2.051699999999999946e+01,2.337519999999999953e+01,2.273239999999999839e+01,8.304000000000000270e-01,1.783700000000000063e+00,5.836999999999999966e-01,4.419299999999999784e+00,8.243299999999999628e+00,3.539800000000000058e+00,-6.725733888000000000e+09,-1.058757734400000000e+10,-1.406446387200000000e+10,2.381869999999999976e+01,2.956289999999999907e+01,3.447999999999999687e+01,5.000000000000000000e+00
3.107950000000000000e+05,2.429066899999999805e+03,8.781394999999999982e+02,4.556671000000000049e+02,8.548000000000000043e-01,6.290599999999999454e+02,9.659999999999999698e-01,3.217180000000000000e+05,7.103000000000000425e-01,1.927200000000000024e+00,6.619000000000000439e-01,7.164000000000000368e-01,2.799999999999999972e-03,1.500000000000000031e-03,5.131999999999999895e-01,9.889000000000000012e-01,3.038260000000000005e+01,4.219279999999999831e+01,4.425690000000000168e+01,1.482380000000000031e+01,1.677240000000000109e+01,1.369439999999999991e+01,2.798700000000000188e+00,3.697099999999999831e+00,3.092299999999999827e+00,2.617109999999999914e+01,2.673669999999999902e+01,3.224949999999999761e+01,-2.664330240000000000e+09,-5.112987136000000000e+09,-5.254019584000000000e+09,1.519110000000000049e+01,2.109919999999999973e+01,2.212999999999999901e+01,5.000000000000000000e+00
2.540700000000000000e+05,1.919738000000000056e+03,7.309252000000000180e+02,4.452327999999999975e+02,7.931000000000000272e-01,5.687635000000000218e+02,9.926000000000000378e-01,2.559750000000000000e+05,6.931000000000000494e-01,1.641699999999999937e+00,8.662999999999999590e-01,7.781000000000000139e-01,2.899999999999999800e-03,1.799999999999999951e-03,6.055000000000000382e-01,9.939999999999999947e-01,1.359247000000000014e+02,1.230016999999999996e+02,1.236407999999999987e+02,2.812580000000000169e+01,1.751060000000000016e+01,2.059850000000000136e+01,-1.012899999999999912e+00,-5.711000000000000520e-01,-3.860000000000000098e-01,3.962699999999999889e+00,3.881400000000000183e+00,3.025199999999999889e+00,-4.865748582400000000e+10,-3.797415116800000000e+10,-3.877693030400000000e+10,6.796680000000000632e+01,6.150269999999999726e+01,6.182359999999999900e+01,1.000000000000000000e+00
7.906300000000000000e+04,1.031912000000000035e+03,3.682993000000000166e+02,2.736986999999999739e+02,6.691000000000000281e-01,3.172792999999999779e+02,9.910999999999999810e-01,7.977200000000000000e+04,7.705999999999999517e-01,1.345599999999999907e+00,9.330000000000000515e-01,8.615000000000000435e-01,4.700000000000000185e-03,3.500000000000000073e-03,7.420999999999999819e-01,9.986000000000000432e-01,1.242195999999999998e+02,1.206049000000000007e+02,1.152031999999999954e+02,2.957039999999999935e+01,2.281019999999999825e+01,2.724439999999999884e+01,-9.161000000000000254e-01,-2.632999999999999785e-01,-7.409999999999999920e-02,3.312899999999999956e+00,2.679899999999999949e+00,2.305899999999999839e+00,-1.262691942400000000e+10,-1.153856614400000000e+10,-1.069265817600000000e+10,6.210739999999999839e+01,6.030290000000000106e+01,5.759940000000000282e+01,2.000000000000000000e+00
3.488650000000000000e+05,2.253797099999999773e+03,7.902490000000000236e+02,5.672315999999999576e+02,6.963000000000000300e-01,6.664749000000000478e+02,9.845000000000000417e-01,3.543560000000000000e+05,7.069999999999999618e-01,1.393199999999999994e+00,8.630999999999999783e-01,8.434000000000000385e-01,2.299999999999999961e-03,1.600000000000000077e-03,7.113000000000000433e-01,9.909000000000000030e-01,1.256090999999999980e+02,1.179047999999999945e+02,1.096123999999999938e+02,2.988390000000000057e+01,2.987760000000000105e+01,3.475359999999999872e+01,-3.579999999999999849e-02,1.701999999999999902e-01,-2.079999999999999905e-02,2.752299999999999969e+00,2.672400000000000109e+00,2.438299999999999912e+00,-5.714184601600000000e+10,-5.017100288000000000e+10,-4.457756672000000000e+10,6.280749999999999744e+01,5.895490000000000208e+01,5.480839999999999890e+01,4.000000000000000000e+00
3.608950000000000000e+05,2.317318099999999959e+03,8.798792999999999438e+02,5.235498999999999796e+02,8.036999999999999700e-01,6.778685000000000400e+02,9.859999999999999876e-01,3.660190000000000000e+05,7.471999999999999753e-01,1.680600000000000094e+00,8.445000000000000284e-01,7.703999999999999737e-01,2.399999999999999790e-03,1.500000000000000031e-03,5.935000000000000275e-01,9.975000000000000533e-01,5.220660000000000167e+01,5.211639999999999873e+01,6.441190000000000282e+01,2.537559999999999860e+01,2.279619999999999891e+01,2.211690000000000111e+01,1.878100000000000103e+00,1.975300000000000056e+00,1.905999999999999917e-01,9.072200000000000486e+00,9.349800000000000111e+00,3.406099999999999905e+00,-1.040574054400000000e+10,-9.868716032000000000e+09,-1.447027200000000000e+10,2.610460000000000136e+01,2.605959999999999965e+01,3.220729999999999649e+01,5.000000000000000000e+00
2.301220000000000000e+05,1.804354000000000042e+03,6.490607999999999720e+02,4.545319999999999823e+02,7.138999999999999790e-01,5.412952000000000226e+02,9.882999999999999563e-01,2.328460000000000000e+05,8.192000000000000393e-01,1.427999999999999936e+00,8.881999999999999895e-01,8.339999999999999636e-01,2.799999999999999972e-03,2.000000000000000042e-03,6.955000000000000071e-01,9.931999999999999718e-01,1.322255000000000109e+02,1.264681000000000068e+02,1.249733999999999980e+02,3.032150000000000034e+01,2.353190000000000026e+01,2.399889999999999901e+01,-1.136300000000000088e+00,-7.205000000000000293e-01,-7.576000000000000512e-01,3.814799999999999969e+00,2.912700000000000067e+00,3.366699999999999804e+00,-4.195948134400000000e+10,-3.723022336000000000e+10,-3.636702003200000000e+10,6.611629999999999541e+01,6.323559999999999803e+01,6.248919999999999675e+01,1.000000000000000000e+00
3.652940000000000000e+05,2.242248000000000047e+03,7.557875000000000227e+02,6.183110000000000355e+02,5.750999999999999446e-01,6.819873999999999796e+02,9.868000000000000105e-01,3.701990000000000000e+05,7.713999999999999746e-01,1.222299999999999942e+00,9.130000000000000338e-01,9.023999999999999799e-01,2.099999999999999870e-03,1.699999999999999905e-03,8.142000000000000348e-01,9.952999999999999625e-01,1.154385999999999939e+02,1.124432999999999936e+02,1.217000000000000028e+02,2.752880000000000038e+01,2.537190000000000012e+01,2.687770000000000081e+01,-2.707999999999999852e-01,-1.204999999999999960e-01,-2.891000000000000236e-01,2.583099999999999952e+00,2.758700000000000152e+00,3.390200000000000102e+00,-4.967309312000000000e+10,-4.653856358400000000e+10,-5.526171648000000000e+10,5.771770000000000067e+01,5.622310000000000230e+01,6.085090000000000288e+01,4.000000000000000000e+00
3.859070000000000000e+05,2.330054900000000089e+03,8.243709999999999809e+02,6.006796000000000504e+02,6.848999999999999533e-01,7.009651000000000067e+02,9.880999999999999783e-01,3.905570000000000000e+05,7.334000000000000519e-01,1.372400000000000064e+00,8.931999999999999940e-01,8.502999999999999448e-01,2.099999999999999870e-03,1.600000000000000077e-03,7.229999999999999760e-01,9.922999999999999599e-01,1.028907999999999987e+02,1.016067000000000036e+02,9.938870000000000005e+01,3.004260000000000019e+01,2.756970000000000098e+01,2.779619999999999891e+01,-1.983000000000000040e-01,-1.411000000000000032e-01,-7.499999999999999722e-03,2.136099999999999888e+00,2.238500000000000156e+00,2.327300000000000146e+00,-4.210785484800000000e+10,-4.039641497600000000e+10,-3.869046374400000000e+10,5.144910000000000139e+01,5.080669999999999931e+01,4.969910000000000139e+01,4.000000000000000000e+00
