3.515800000000000000e+05,2.424633100000000013e+03,9.145833999999999833e+02,4.942882000000000176e+02,8.414000000000000368e-01,6.690632000000000517e+02,3.609460000000000000e+05,7.315000000000000391e-01,1.399999999999999986e-03,5.352000000000000091e-01,9.178140000000000498e+01,8.404160000000000252e+01,8.524269999999999925e+01,2.915569999999999951e+01,-5.990000000000000185e-02,1.176399999999999890e+00,3.413999999999999813e-01,3.571400000000000130e+00,6.099499999999999922e+00,-3.034544742400000000e+10,-2.434543411200000000e+10,-2.539333427200000000e+10,4.589119999999999777e+01,4.202159999999999940e+01,4.262230000000000274e+01,5.000000000000000000e+00
3.585450000000000000e+05,2.199508100000000013e+03,7.757432000000000016e+02,5.937309999999999945e+02,6.435999999999999499e-01,6.756580000000000155e+02,3.617760000000000000e+05,8.709999999999999964e-01,1.699999999999999905e-03,7.586000000000000520e-01,1.005985000000000014e+02,9.775260000000000105e+01,8.933939999999999770e+01,2.939069999999999894e+01,2.079000000000000015e-01,8.913999999999999702e-01,1.411799999999999944e+00,3.670500000000000096e+00,4.993199999999999861e+00,-3.724602163200000000e+10,-3.400618188800000000e+10,-3.014290841600000000e+10,5.029899999999999949e+01,4.887879999999999825e+01,4.467210000000000036e+01,0.000000000000000000e+00
3.159810000000000000e+05,2.314436000000000149e+03,9.235089000000000397e+02,4.410663000000000125e+02,8.786000000000000476e-01,6.342866000000000213e+02,3.288680000000000000e+05,6.867999999999999661e-01,1.399999999999999986e-03,4.717000000000000082e-01,4.395400000000000063e+01,5.132019999999999982e+01,6.405500000000000682e+01,1.510909999999999975e+01,2.226300000000000168e+00,2.727399999999999824e+00,9.212000000000000188e-01,1.494359999999999999e+01,1.414439999999999920e+01,-5.405278720000000000e+09,-8.023837696000000000e+09,-1.186124185600000000e+10,2.197579999999999956e+01,2.566100000000000136e+01,3.202750000000000341e+01,5.000000000000000000e+00
2.289160000000000000e+05,1.766642000000000053e+03,6.370114999999999554e+02,4.606281000000000176e+02,6.906999999999999806e-01,5.398749000000000251e+02,2.309470000000000000e+05,8.475000000000000311e-01,2.000000000000000042e-03,7.183000000000000496e-01,9.375979999999999848e+01,8.529160000000000252e+01,8.414969999999999573e+01,3.855010000000000048e+01,3.119999999999999857e-02,5.293999999999999817e-01,2.952000000000000179e-01,2.365400000000000169e+00,2.430200000000000138e+00,-2.236264857600000000e+10,-1.855467520000000000e+10,-1.708238540800000000e+10,4.687530000000000285e+01,4.264189999999999969e+01,4.207229999999999848e+01,6.000000000000000000e+00
4.219460000000000000e+05,2.481495100000000093e+03,8.974323000000000548e+02,6.062373999999999796e+02,7.372999999999999554e-01,7.329655000000000200e+02,4.301480000000000000e+05,8.166999999999999815e-01,1.399999999999999986e-03,6.671000000000000263e-01,1.012913999999999959e+02,9.372790000000000532e+01,9.806959999999999411e+01,2.690769999999999840e+01,1.905999999999999917e-01,4.111000000000000210e-01,1.575000000000000011e-01,2.747100000000000097e+00,3.057999999999999829e+00,-4.372230553600000000e+10,-3.742211276800000000e+10,-4.104821145600000000e+10,5.064439999999999742e+01,4.686189999999999856e+01,4.903349999999999653e+01,4.000000000000000000e+00
1.387690000000000000e+05,1.404488000000000056e+03,5.163407999999999447e+02,3.440672999999999888e+02,7.456000000000000405e-01,4.203405000000000200e+02,1.400900000000000000e+05,8.141000000000000458e-01,2.500000000000000052e-03,6.626999999999999558e-01,1.272342000000000013e+02,1.288755999999999915e+02,1.082445000000000022e+02,3.190820000000000078e+01,-1.127000000000000002e+00,-1.183999999999999941e+00,-4.620000000000000218e-01,3.544099999999999806e+00,5.031100000000000350e+00,-2.353244160000000000e+10,-2.337309900800000000e+10,-1.623247769600000000e+10,6.360969999999999658e+01,6.443250000000000455e+01,5.411569999999999681e+01,2.000000000000000000e+00
2.613450000000000000e+05,1.920685999999999922e+03,7.351218999999999824e+02,4.543767000000000280e+02,7.861000000000000210e-01,5.768490000000000464e+02,2.631100000000000000e+05,7.846999999999999531e-01,1.699999999999999905e-03,6.158000000000000140e-01,1.301341999999999928e+02,1.241907999999999959e+02,1.157486999999999995e+02,3.517779999999999774e+01,-7.249999999999999778e-01,-5.345999999999999641e-01,-3.881000000000000005e-01,3.337699999999999889e+00,2.730599999999999916e+00,-4.715459788800000000e+10,-4.206275788800000000e+10,-3.568679731200000000e+10,6.506289999999999907e+01,6.209349999999999881e+01,5.787199999999999989e+01,6.000000000000000000e+00
4.241010000000000000e+05,2.611330100000000130e+03,1.009007600000000025e+03,5.395266000000000304e+02,8.449999999999999734e-01,7.348347999999999729e+02,4.346960000000000000e+05,7.282999999999999474e-01,1.299999999999999940e-03,5.303999999999999826e-01,4.457789999999999964e+01,4.798360000000000269e+01,5.855180000000000007e+01,1.532310000000000016e+01,1.065499999999999892e+00,1.910800000000000054e+00,3.533999999999999919e-01,7.386800000000000033e+00,1.195620000000000083e+01,-7.469869056000000000e+09,-8.708638720000000000e+09,-1.333120307200000000e+10,2.229050000000000153e+01,2.399259999999999948e+01,2.927740000000000009e+01,5.000000000000000000e+00
4.431330000000000000e+05,2.517076900000000023e+03,8.745991000000000213e+02,6.533885000000000218e+02,6.646999999999999575e-01,7.511421000000000276e+02,4.521390000000000000e+05,8.588000000000000078e-01,1.500000000000000031e-03,7.376000000000000334e-01,1.059750999999999976e+02,1.003806000000000012e+02,1.106508000000000038e+02,3.038129999999999953e+01,2.164999999999999980e-01,3.932999999999999829e-01,-1.625000000000000056e-01,2.692499999999999893e+00,2.916700000000000070e+00,-5.146045235200000000e+10,-4.524736921600000000e+10,-5.536906444800000000e+10,5.298740000000000094e+01,5.018849999999999767e+01,5.532240000000000180e+01,4.000000000000000000e+00
4.392680000000000000e+05,2.470478000000000065e+03,8.241237999999999602e+02,6.835866999999999507e+02,5.585999999999999854e-01,7.478591999999999871e+02,4.442450000000000000e+05,9.074999999999999734e-01,1.600000000000000077e-03,8.235000000000000098e-01,9.328539999999999566e+01,9.106990000000000407e+01,8.592669999999999675e+01,3.058449999999999847e+01,1.970000000000000084e-01,6.372999999999999776e-01,7.308000000000000052e-01,3.387599999999999945e+00,3.892999999999999794e+00,-3.963146649600000000e+10,-3.742314496000000000e+10,-3.402173235200000000e+10,4.664309999999999690e+01,4.553649999999999665e+01,4.296459999999999724e+01,3.000000000000000000e+00
4.173140000000000000e+05,2.439980000000000018e+03,8.347051000000000158e+02,6.446805000000000518e+02,6.351999999999999869e-01,7.289311999999999898e+02,4.219040000000000000e+05,8.732999999999999652e-01,1.500000000000000031e-03,7.625999999999999446e-01,1.400101999999999975e+02,1.347524999999999977e+02,1.289624000000000024e+02,2.855409999999999826e+01,-9.526000000000000023e-01,-7.271999999999999575e-01,-4.428000000000000269e-01,3.568200000000000038e+00,3.003899999999999793e+00,-8.518197248000000000e+10,-7.749134745600000000e+10,-7.092698316800000000e+10,7.000960000000000605e+01,6.737739999999999441e+01,6.448329999999999984e+01,4.000000000000000000e+00
1.634690000000000000e+05,1.513738000000000056e+03,5.362513999999999896e+02,3.911682999999999879e+02,6.840000000000000524e-01,4.562183999999999742e+02,1.659090000000000000e+05,8.508000000000000007e-01,2.399999999999999790e-03,7.237999999999999989e-01,1.130190999999999946e+02,1.020468999999999937e+02,1.022376000000000005e+02,2.705199999999999960e+01,-2.639000000000000234e-01,4.329999999999999960e-01,3.059999999999999942e-01,2.830999999999999961e+00,3.343999999999999861e+00,-2.122401587200000000e+10,-1.690141900800000000e+10,-1.691409817600000000e+10,5.650789999999999935e+01,5.102320000000000277e+01,5.111800000000000210e+01,2.000000000000000000e+00
3.794050000000000000e+05,2.400583999999999833e+03,8.237263000000000375e+02,5.955487000000000535e+02,6.908999999999999586e-01,6.950348999999999933e+02,3.895900000000000000e+05,8.437999999999999945e-01,1.600000000000000077e-03,7.118999999999999773e-01,1.320757999999999868e+02,1.185983999999999980e+02,1.064100999999999999e+02,3.344109999999999872e+01,-6.094000000000000528e-01,-5.145999999999999464e-01,-1.285000000000000031e-01,2.710900000000000087e+00,2.664000000000000146e+00,-6.999724032000000000e+10,-5.608379187200000000e+10,-4.373145600000000000e+10,6.603690000000000282e+01,5.930100000000000193e+01,5.320459999999999923e+01,4.000000000000000000e+00
5.147450000000000000e+05,2.630836899999999787e+03,8.991757000000000062e+02,7.358909999999999627e+02,5.745999999999999996e-01,8.095638999999999896e+02,5.184740000000000000e+05,9.002999999999999892e-01,1.399999999999999986e-03,8.105999999999999872e-01,7.267980000000000018e+01,7.815449999999999875e+01,7.737900000000000489e+01,3.081510000000000105e+01,6.009999999999999787e-01,5.003999999999999559e-01,4.806000000000000272e-01,3.391700000000000159e+00,3.217499999999999805e+00,-2.900977049600000000e+10,-3.293576192000000000e+10,-3.260078080000000000e+10,3.634120000000000061e+01,3.907869999999999777e+01,3.869069999999999965e+01,3.000000000000000000e+00
1.454350000000000000e+05,1.468961999999999989e+03,5.296494000000000142e+02,3.516841000000000008e+02,7.477000000000000313e-01,4.303179999999999836e+02,1.478930000000000000e+05,8.125000000000000000e-01,2.399999999999999790e-03,6.601000000000000201e-01,1.225558999999999941e+02,1.175275000000000034e+02,1.111963999999999970e+02,2.970070000000000121e+01,-5.276999999999999469e-01,9.189999999999999558e-02,2.684000000000000274e-01,3.544900000000000162e+00,3.826700000000000212e+00,-2.261016371200000000e+10,-2.033969766400000000e+10,-1.814252134400000000e+10,6.128490000000000038e+01,5.877029999999999887e+01,5.560609999999999786e+01,2.000000000000000000e+00
2.025460000000000000e+05,1.698972999999999956e+03,6.053612000000000535e+02,4.281990000000000123e+02,7.068999999999999728e-01,5.078283000000000129e+02,2.050070000000000000e+05,8.388999999999999790e-01,2.099999999999999870e-03,7.036999999999999922e-01,1.126353000000000009e+02,9.516429999999999723e+01,9.384699999999999420e+01,3.117640000000000100e+01,-3.628000000000000114e-01,3.841999999999999860e-01,-1.131999999999999951e-01,2.278700000000000170e+00,2.722199999999999953e+00,-2.670947737600000000e+10,-1.851441766400000000e+10,-1.776776806400000000e+10,5.631700000000000017e+01,4.758310000000000173e+01,4.692439999999999856e+01,1.000000000000000000e+00
1.423940000000000000e+05,1.410395999999999958e+03,5.108342999999999847e+02,3.571331000000000131e+02,7.149999999999999689e-01,4.257952999999999975e+02,1.446500000000000000e+05,8.335000000000000187e-01,2.500000000000000052e-03,6.947999999999999732e-01,1.286477999999999895e+02,1.230326000000000022e+02,1.178042999999999978e+02,3.708760000000000190e+01,-1.647000000000000131e-01,4.203000000000000069e-01,2.172999999999999932e-01,2.458699999999999886e+00,2.326299999999999812e+00,-2.536918425600000000e+10,-2.265556582400000000e+10,-2.082903449600000000e+10,6.432389999999999475e+01,6.151350000000000051e+01,5.889979999999999905e+01,2.000000000000000000e+00
3.163480000000000000e+05,2.251885000000000218e+03,8.882237999999999829e+02,4.610982999999999947e+02,8.547000000000000153e-01,6.346548000000000229e+02,3.219050000000000000e+05,7.145000000000000240e-01,1.500000000000000031e-03,5.104999999999999538e-01,4.605149999999999721e+01,4.940919999999999845e+01,6.046650000000000347e+01,2.080669999999999931e+01,1.500000000000000000e+00,2.224499999999999922e+00,6.077000000000000179e-01,7.141899999999999693e+00,1.077999999999999936e+01,-6.639056384000000000e+09,-7.781384704000000000e+09,-1.105114624000000000e+10,2.302720000000000056e+01,2.470789999999999864e+01,3.023620000000000019e+01,5.000000000000000000e+00
3.925880000000000000e+05,2.274275900000000092e+03,8.033082000000000562e+02,6.258398999999999432e+02,6.269000000000000128e-01,7.070067999999999984e+02,3.936370000000000000e+05,8.800999999999999934e-01,1.600000000000000077e-03,7.745999999999999552e-01,9.486379999999999768e+01,9.925360000000000582e+01,9.738739999999999952e+01,2.678689999999999927e+01,1.458000000000000129e-01,6.951000000000000512e-01,8.957000000000000517e-01,2.978299999999999947e+00,4.982899999999999885e+00,-3.557428019200000000e+10,-3.757972275200000000e+10,-3.680919552000000000e+10,4.742940000000000111e+01,4.962769999999999726e+01,4.869369999999999976e+01,0.000000000000000000e+00
3.381590000000000000e+05,2.412643099999999777e+03,8.856037999999999784e+02,4.893433999999999742e+02,8.335000000000000187e-01,6.561688000000000329e+02,3.500430000000000000e+05,7.409000000000000030e-01,1.399999999999999986e-03,5.490000000000000435e-01,5.223960000000000292e+01,5.783120000000000260e+01,7.297169999999999845e+01,2.113149999999999906e+01,2.152400000000000091e+00,2.211599999999999788e+00,4.796000000000000263e-01,1.141249999999999964e+01,1.080610000000000070e+01,-9.007709184000000000e+09,-1.088704000000000000e+10,-1.695870361600000000e+10,2.612040000000000006e+01,2.891829999999999856e+01,3.648830000000000240e+01,5.000000000000000000e+00
1.515960000000000000e+05,1.499804000000000087e+03,5.765701000000000249e+02,3.359818000000000211e+02,8.126999999999999780e-01,4.393381999999999721e+02,1.532880000000000000e+05,7.620000000000000107e-01,2.200000000000000133e-03,5.806000000000000050e-01,9.218049999999999500e+01,8.135819999999999652e+01,8.654619999999999891e+01,1.990009999999999835e+01,-7.348999999999999977e-01,1.408900000000000041e+00,4.576999999999999957e-01,4.188900000000000290e+00,1.206080000000000041e+01,-1.236906086400000000e+10,-9.288654848000000000e+09,-1.090143641600000000e+10,4.608820000000000050e+01,4.067960000000000065e+01,4.327329999999999899e+01,2.000000000000000000e+00
4.688550000000000000e+05,2.620268099999999777e+03,9.182051000000000158e+02,6.626828000000000429e+02,6.922000000000000375e-01,7.726349000000000160e+02,4.768550000000000000e+05,8.415000000000000258e-01,1.399999999999999986e-03,7.080999999999999517e-01,1.377900999999999954e+02,1.325824000000000069e+02,1.273876000000000062e+02,3.017439999999999856e+01,-6.691000000000000281e-01,-3.915000000000000147e-01,-3.770000000000000018e-01,3.479800000000000004e+00,3.306700000000000195e+00,-9.312448512000000000e+10,-8.419065856000000000e+10,-7.858151424000000000e+10,6.889650000000000318e+01,6.629110000000000014e+01,6.369460000000000122e+01,4.000000000000000000e+00
3.685120000000000000e+05,2.294525900000000092e+03,7.864102000000000317e+02,6.029734999999999445e+02,6.420000000000000151e-01,6.849846999999999753e+02,3.736600000000000000e+05,8.709999999999999964e-01,1.600000000000000077e-03,7.587000000000000410e-01,1.054736999999999938e+02,1.029591999999999956e+02,1.001518999999999977e+02,2.701940000000000097e+01,-1.302000000000000102e-01,-2.220000000000000098e-02,-3.055999999999999828e-01,2.346799999999999997e+00,2.517900000000000027e+00,-4.149552332800000000e+10,-3.918675968000000000e+10,-3.643288780800000000e+10,5.273720000000000141e+01,5.147740000000000293e+01,5.007690000000000197e+01,4.000000000000000000e+00
3.068310000000000000e+05,2.101991899999999987e+03,7.901249000000000251e+02,4.965371000000000095e+02,7.779000000000000359e-01,6.250354999999999563e+02,3.104450000000000000e+05,7.911000000000000254e-01,1.600000000000000077e-03,6.258000000000000229e-01,9.112160000000000082e+01,8.027500000000000568e+01,8.701550000000000296e+01,2.748939999999999984e+01,-2.528000000000000247e-01,5.652000000000000357e-01,4.056000000000000161e-01,2.827100000000000168e+00,4.529899999999999594e+00,-2.575559680000000000e+10,-1.930378649600000000e+10,-2.334838784000000000e+10,4.556130000000000280e+01,4.013799999999999812e+01,4.350679999999999836e+01,6.000000000000000000e+00
2.826510000000000000e+05,2.115190900000000056e+03,8.492612000000000307e+02,4.278779000000000110e+02,8.638000000000000123e-01,5.999020000000000437e+02,2.873850000000000000e+05,7.064000000000000279e-01,1.500000000000000031e-03,4.989999999999999991e-01,4.857739999999999725e+01,5.272390000000000043e+01,6.324240000000000350e+01,2.226490000000000080e+01,2.416199999999999903e+00,2.529300000000000104e+00,1.199899999999999967e+00,1.286040000000000028e+01,1.141960000000000086e+01,-6.756659712000000000e+09,-8.196781056000000000e+09,-1.056879513600000000e+10,2.428890000000000171e+01,2.636189999999999856e+01,3.162170000000000059e+01,5.000000000000000000e+00
3.913760000000000000e+05,2.544782999999999902e+03,8.977681999999999789e+02,5.574371999999999616e+02,7.839000000000000412e-01,7.059145999999999503e+02,4.055820000000000000e+05,7.862999999999999989e-01,1.399999999999999986e-03,6.182999999999999607e-01,4.017920000000000158e+01,4.909530000000000172e+01,5.444050000000000011e+01,1.839659999999999940e+01,5.411000000000000254e-01,2.240000000000000213e+00,8.776000000000000467e-01,3.806500000000000217e+00,1.278870000000000040e+01,-6.051780608000000000e+09,-8.706247680000000000e+09,-1.050044620800000000e+10,2.009120000000000061e+01,2.454929999999999879e+01,2.722190000000000154e+01,5.000000000000000000e+00
1.630930000000000000e+05,1.531929000000000087e+03,5.812218000000000302e+02,3.581297999999999888e+02,7.875999999999999668e-01,4.556933999999999969e+02,1.646820000000000000e+05,7.840000000000000302e-01,2.200000000000000133e-03,6.147000000000000242e-01,9.876749999999999829e+01,9.125060000000000571e+01,9.987900000000000489e+01,2.957669999999999888e+01,-2.066000000000000059e-01,1.910000000000000031e-01,2.627999999999999781e-01,2.435299999999999798e+00,3.760800000000000143e+00,-1.634067558400000000e+10,-1.353008947200000000e+10,-1.660778393600000000e+10,4.937939999999999685e+01,4.562440000000000140e+01,4.993930000000000291e+01,2.000000000000000000e+00
3.212820000000000000e+05,2.090699000000000069e+03,6.813436000000000377e+02,6.047192000000000007e+02,4.606999999999999984e-01,6.395850000000000364e+02,3.240550000000000000e+05,9.386999999999999789e-01,1.899999999999999996e-03,8.811999999999999833e-01,1.408404999999999916e+02,1.343282000000000096e+02,1.305658999999999992e+02,2.823789999999999978e+01,-7.816999999999999504e-01,-4.809999999999999831e-01,-4.549000000000000266e-01,3.679100000000000037e+00,3.202799999999999869e+00,-6.633089843200000000e+10,-5.874426675200000000e+10,-5.577522790400000000e+10,7.041530000000000200e+01,6.716289999999999338e+01,6.527970000000000539e+01,4.000000000000000000e+00
1.079810000000000000e+05,1.239067000000000007e+03,4.473553999999999746e+02,3.082379000000000246e+02,7.247000000000000108e-01,3.707905999999999835e+02,1.090860000000000000e+05,8.288999999999999702e-01,2.899999999999999800e-03,6.870000000000000551e-01,1.345972999999999900e+02,1.276461999999999932e+02,1.197145000000000010e+02,3.931680000000000064e+01,-4.680000000000000271e-01,-4.318000000000000171e-01,-2.534000000000000141e-01,2.090399999999999814e+00,2.168499999999999872e+00,-2.129615257600000000e+10,-1.859094732800000000e+10,-1.637305856000000000e+10,6.729319999999999879e+01,6.382419999999999760e+01,5.986030000000000229e+01,2.000000000000000000e+00
4.848690000000000000e+05,2.541983900000000176e+03,8.727412000000000489e+02,7.148731000000000222e+02,5.735999999999999988e-01,7.857190000000000509e+02,4.870310000000000000e+05,9.002999999999999892e-01,1.500000000000000031e-03,8.104999999999999982e-01,8.560639999999999361e+01,9.219050000000000011e+01,9.948290000000000077e+01,2.203910000000000124e+01,1.115199999999999969e+00,1.234399999999999942e+00,5.370000000000000329e-01,7.569899999999999629e+00,7.201399999999999579e+00,-3.445618278400000000e+10,-4.033977548800000000e+10,-4.830605312000000000e+10,4.280299999999999727e+01,4.609570000000000078e+01,4.974260000000000304e+01,3.000000000000000000e+00
3.357820000000000000e+05,2.171819100000000162e+03,7.849253999999999678e+02,5.482627999999999702e+02,7.156000000000000139e-01,6.538585000000000491e+02,3.386210000000000000e+05,8.329999999999999627e-01,1.600000000000000077e-03,6.938999999999999613e-01,1.472180999999999926e+02,1.405001000000000033e+02,1.390457000000000107e+02,3.112940000000000040e+01,-8.917000000000000481e-01,-5.522000000000000242e-01,-5.475999999999999757e-01,3.242900000000000116e+00,2.706300000000000150e+00,-7.683078553600000000e+10,-6.872692326400000000e+10,-6.997984870400000000e+10,7.361109999999999332e+01,7.025310000000000343e+01,6.952639999999999532e+01,4.000000000000000000e+00
3.690530000000000000e+05,2.355498999999999796e+03,9.242039999999999509e+02,5.108777000000000044e+02,8.333000000000000407e-01,6.854873000000000047e+02,3.734740000000000000e+05,7.417000000000000259e-01,1.399999999999999986e-03,5.501000000000000334e-01,6.080570000000000164e+01,6.575769999999999982e+01,7.860020000000000095e+01,2.265830000000000055e+01,2.524000000000000132e-01,9.509999999999999565e-01,-1.509000000000000064e-01,2.783199999999999896e+00,5.969199999999999839e+00,-1.333476966400000000e+10,-1.533973094400000000e+10,-2.215340236800000000e+10,3.040139999999999887e+01,3.287789999999999679e+01,3.929899999999999949e+01,5.000000000000000000e+00
2.761430000000000000e+05,2.079626999999999953e+03,8.203309000000000424e+02,4.322185999999999808e+02,8.498999999999999888e-01,5.929554000000000542e+02,2.817140000000000000e+05,7.227999999999999980e-01,1.600000000000000077e-03,5.224999999999999645e-01,3.831400000000000006e+01,4.792049999999999699e+01,5.848149999999999693e+01,1.530100000000000016e+01,1.582200000000000051e+00,2.582300000000000040e+00,9.232000000000000206e-01,1.023550000000000004e+01,1.365310000000000024e+01,-3.638331136000000000e+09,-6.121320960000000000e+09,-8.728421376000000000e+09,1.915480000000000160e+01,2.396069999999999922e+01,2.924030000000000129e+01,5.000000000000000000e+00
6.332800000000000000e+04,9.339370000000000118e+02,3.427968999999999937e+02,2.356771999999999991e+02,7.261999999999999567e-01,2.839572000000000003e+02,6.403400000000000000e+04,8.284000000000000252e-01,3.700000000000000164e-03,6.862000000000000322e-01,1.245605999999999938e+02,1.184637000000000029e+02,1.208829000000000065e+02,3.650919999999999987e+01,-4.823999999999999955e-01,1.322000000000000119e-01,2.137999999999999901e-01,2.515200000000000102e+00,2.386499999999999844e+00,-1.053727846400000000e+10,-9.129949184000000000e+09,-9.538518016000000000e+09,6.227680000000000149e+01,5.923329999999999984e+01,6.044299999999999784e+01,2.000000000000000000e+00
1.781370000000000000e+05,1.613375000000000000e+03,6.117780000000000200e+02,3.714033999999999764e+02,7.945999999999999730e-01,4.762468999999999824e+02,1.804220000000000000e+05,7.784999999999999698e-01,2.099999999999999870e-03,6.059999999999999831e-01,1.430228999999999928e+02,1.438988999999999976e+02,1.284096000000000117e+02,3.776200000000000045e+01,-1.002999999999999892e+00,-9.088000000000000522e-01,-4.555000000000000160e-01,2.925600000000000200e+00,2.954000000000000181e+00,-3.939694592000000000e+10,-3.878155468800000000e+10,-3.057031782400000000e+10,7.150790000000000646e+01,7.194719999999999516e+01,6.420279999999999632e+01,2.000000000000000000e+00
2.070290000000000000e+05,1.765353000000000065e+03,7.048252999999999702e+02,3.753292999999999893e+02,8.464000000000000412e-01,5.134175000000000182e+02,2.085100000000000000e+05,7.284000000000000474e-01,1.799999999999999951e-03,5.305999999999999606e-01,1.132163999999999930e+02,1.067240000000000038e+02,1.177280999999999977e+02,2.497909999999999897e+01,-8.901999999999999913e-01,5.686999999999999833e-01,-8.530000000000000082e-02,4.163400000000000212e+00,4.795300000000000118e+00,-2.668693299200000000e+10,-2.288543129600000000e+10,-2.851153510400000000e+10,5.660929999999999751e+01,5.336350000000000193e+01,5.886489999999999867e+01,2.000000000000000000e+00
9.934200000000000000e+04,1.151923000000000002e+03,4.044211999999999989e+02,3.130898000000000252e+02,6.330000000000000071e-01,3.556489000000000260e+02,1.001350000000000000e+05,8.793999999999999595e-01,3.200000000000000153e-03,7.732999999999999874e-01,1.371790000000000020e+02,1.315520999999999958e+02,1.123011000000000053e+02,4.150500000000000256e+01,-6.377000000000000446e-01,-1.338999999999999913e-01,5.210000000000000048e-02,2.506200000000000205e+00,2.027499999999999858e+00,-2.056728166400000000e+10,-1.832486912000000000e+10,-1.318130585600000000e+10,6.859000000000000341e+01,6.577639999999999532e+01,5.615310000000000201e+01,2.000000000000000000e+00
3.532190000000000000e+05,2.326469999999999800e+03,8.219995000000000118e+02,5.580137999999999465e+02,7.342999999999999527e-01,6.706209000000000060e+02,3.644200000000000000e+05,8.157999999999999696e-01,1.600000000000000077e-03,6.655999999999999694e-01,9.543099999999999739e+01,8.665279999999999916e+01,9.214770000000000039e+01,2.817909999999999826e+01,1.016999999999999987e-01,3.430000000000000271e-01,1.099999999999999936e-02,2.375300000000000189e+00,2.769200000000000106e+00,-3.272110489600000000e+10,-2.664228659200000000e+10,-3.017590988800000000e+10,4.771340000000000003e+01,4.332620000000000005e+01,4.607289999999999708e+01,4.000000000000000000e+00
3.339460000000000000e+05,2.397759000000000015e+03,8.997596999999999525e+02,4.794366999999999734e+02,8.461999999999999522e-01,6.520683999999999969e+02,3.409830000000000000e+05,7.247000000000000108e-01,1.399999999999999986e-03,5.252000000000000002e-01,5.582099999999999795e+01,6.158749999999999858e+01,7.671540000000000248e+01,1.883820000000000050e+01,4.774999999999999800e-01,1.318699999999999983e+00,-1.119999999999999989e-02,5.219000000000000306e+00,8.174899999999999167e+00,-9.682460672000000000e+09,-1.188119244800000000e+10,-1.854062387200000000e+10,2.791039999999999921e+01,3.079439999999999955e+01,3.835710000000000264e+01,5.000000000000000000e+00
3.898590000000000000e+05,2.265558100000000195e+03,8.041630000000000109e+02,6.196666000000000167e+02,6.373999999999999666e-01,7.045452000000000226e+02,3.911360000000000000e+05,8.760999999999999899e-01,1.600000000000000077e-03,7.675999999999999490e-01,8.652419999999999334e+01,8.000449999999999307e+01,7.064889999999999759e+01,2.325860000000000127e+01,1.199999999999999956e-01,1.057099999999999929e+00,1.916700000000000070e+00,4.065199999999999925e+00,6.242799999999999905e+00,-2.854602342400000000e+10,-2.387074048000000000e+10,-1.982797619200000000e+10,4.326140000000000185e+01,4.000390000000000157e+01,3.532710000000000150e+01,0.000000000000000000e+00
1.530480000000000000e+05,1.523576999999999998e+03,6.071191999999999780e+02,3.219273000000000025e+02,8.477999999999999980e-01,4.414372000000000185e+02,1.542530000000000000e+05,7.270999999999999686e-01,2.099999999999999870e-03,5.286999999999999478e-01,1.226003000000000043e+02,1.161672999999999973e+02,1.208722000000000065e+02,2.823410000000000153e+01,-7.821000000000000174e-01,-5.612000000000000322e-01,-6.736999999999999655e-01,3.201700000000000212e+00,3.958800000000000097e+00,-2.364598886400000000e+10,-2.067766476800000000e+10,-2.247845888000000000e+10,6.130060000000000286e+01,5.808559999999999945e+01,6.043869999999999720e+01,2.000000000000000000e+00
3.181250000000000000e+05,2.211413100000000213e+03,8.380247000000000526e+02,4.966458000000000084e+02,8.054999999999999938e-01,6.364348999999999705e+02,3.345640000000000000e+05,7.593999999999999639e-01,1.600000000000000077e-03,5.767999999999999794e-01,5.715809999999999746e+01,6.563989999999999725e+01,7.226370000000000005e+01,2.693489999999999895e+01,2.029300000000000104e+00,2.118100000000000094e+00,7.510000000000000009e-01,8.733100000000000307e+00,8.683199999999999363e+00,-1.107003187200000000e+10,-1.332525772800000000e+10,-1.581535129600000000e+10,2.857819999999999894e+01,3.281940000000000168e+01,3.613100000000000023e+01,5.000000000000000000e+00
1.270560000000000000e+05,1.364663000000000011e+03,5.005717999999999961e+02,3.259390000000000214e+02,7.590000000000000080e-01,4.022097999999999729e+02,1.289620000000000000e+05,8.034999999999999920e-01,2.599999999999999881e-03,6.455999999999999517e-01,1.273739999999999952e+02,1.235819000000000045e+02,1.152353999999999985e+02,3.389820000000000277e+01,-7.237000000000000099e-01,-7.096000000000000085e-01,-2.738999999999999768e-01,2.594599999999999795e+00,2.840100000000000069e+00,-2.181236121600000000e+10,-2.032315392000000000e+10,-1.767476838400000000e+10,6.368509999999999849e+01,6.179180000000000206e+01,5.761780000000000257e+01,2.000000000000000000e+00
3.268260000000000000e+05,2.215414099999999962e+03,8.039761999999999489e+02,5.260377999999999474e+02,7.561999999999999833e-01,6.450797000000000025e+02,3.356370000000000000e+05,8.024000000000000021e-01,1.600000000000000077e-03,6.438000000000000389e-01,1.091640000000000015e+02,9.552760000000000673e+01,1.028889999999999958e+02,3.763080000000000069e+01,1.829000000000000070e-01,4.153000000000000025e-01,3.163000000000000256e-01,2.213200000000000056e+00,2.605399999999999938e+00,-4.228537958400000000e+10,-3.117660979200000000e+10,-3.456769228800000000e+10,5.458809999999999718e+01,4.776780000000000115e+01,5.145000000000000284e+01,6.000000000000000000e+00
3.865360000000000000e+05,2.280798099999999977e+03,7.684710000000000036e+02,6.448982999999999493e+02,5.437999999999999501e-01,7.015361000000000331e+02,3.888270000000000000e+05,9.129000000000000448e-01,1.699999999999999905e-03,8.334000000000000297e-01,6.455169999999999675e+01,6.624020000000000152e+01,6.249430000000000263e+01,2.225069999999999837e+01,1.622000000000000108e+00,2.588200000000000056e+00,2.128699999999999815e+00,1.258339999999999925e+01,1.537250000000000050e+01,-1.563714457600000000e+10,-1.658348748800000000e+10,-1.520165376000000000e+10,3.227609999999999957e+01,3.312010000000000076e+01,3.124719999999999942e+01,3.000000000000000000e+00
3.386700000000000000e+05,2.195106000000000222e+03,7.922872999999999593e+02,5.460946000000000140e+02,7.245000000000000329e-01,6.566643000000000256e+02,3.423390000000000000e+05,8.287999999999999812e-01,1.600000000000000077e-03,6.868999999999999551e-01,9.738549999999999329e+01,8.612720000000000198e+01,1.057102000000000004e+02,3.766340000000000288e+01,5.577999999999999625e-01,5.536999999999999700e-01,-2.318999999999999950e-01,2.307300000000000129e+00,2.323900000000000077e+00,-3.529691136000000000e+10,-2.699693465600000000e+10,-3.884431360000000000e+10,4.869579999999999842e+01,4.306689999999999685e+01,5.285790000000000077e+01,1.000000000000000000e+00
2.971740000000000000e+05,2.155958999999999833e+03,7.797753000000000156e+02,4.884755000000000109e+02,7.794999999999999707e-01,6.151208000000000311e+02,3.058520000000000000e+05,7.887999999999999456e-01,1.600000000000000077e-03,6.222999999999999643e-01,5.164690000000000225e+01,5.690270000000000294e+01,6.448919999999999675e+01,2.817869999999999919e+01,2.239599999999999813e+00,2.040200000000000014e+00,7.420999999999999819e-01,8.857499999999999929e+00,7.752399999999999736e+00,-8.952644608000000000e+09,-9.902926848000000000e+09,-1.145190604800000000e+10,2.582469999999999999e+01,2.845479999999999876e+01,3.224770000000000181e+01,5.000000000000000000e+00
1.555950000000000000e+05,1.507019000000000005e+03,5.676169999999999618e+02,3.499759999999999991e+02,7.872999999999999998e-01,4.450951999999999771e+02,1.570300000000000000e+05,7.841000000000000192e-01,2.200000000000000133e-03,6.149000000000000021e-01,1.482013000000000034e+02,1.489814000000000078e+02,1.275139000000000067e+02,3.207300000000000040e+01,-1.211600000000000010e+00,-1.115199999999999969e+00,-6.176000000000000378e-01,4.000200000000000422e+00,4.112599999999999589e+00,-3.621006131200000000e+10,-3.578173849600000000e+10,-2.561643110400000000e+10,7.409709999999999752e+01,7.448950000000000671e+01,6.375630000000000308e+01,2.000000000000000000e+00
1.387660000000000000e+05,1.392420000000000073e+03,5.209380999999999631e+02,3.404705999999999904e+02,7.569000000000000172e-01,4.203360000000000127e+02,1.399110000000000000e+05,8.068999999999999506e-01,2.500000000000000052e-03,6.511000000000000121e-01,1.382283999999999935e+02,1.406041999999999916e+02,1.206223999999999990e+02,3.115429999999999922e+01,-6.206000000000000405e-01,-7.400000000000000328e-03,-2.798999999999999821e-01,3.251700000000000035e+00,2.148699999999999832e+00,-2.785156915200000000e+10,-2.820156620800000000e+10,-2.059347763200000000e+10,6.910970000000000368e+01,7.030389999999999873e+01,6.031049999999999756e+01,2.000000000000000000e+00
1.460170000000000000e+05,1.420211999999999989e+03,5.303442000000000007e+02,3.509143000000000256e+02,7.498000000000000220e-01,4.311782000000000039e+02,1.467960000000000000e+05,8.129999999999999449e-01,2.399999999999999790e-03,6.610000000000000320e-01,8.683480000000000132e+01,8.481839999999999691e+01,9.224930000000000518e+01,2.561639999999999873e+01,-2.747999999999999887e-01,6.787999999999999590e-01,2.707999999999999852e-01,2.589100000000000179e+00,3.523600000000000065e+00,-1.096342425600000000e+10,-1.038342758400000000e+10,-1.239078092800000000e+10,4.341140000000000043e+01,4.240659999999999741e+01,4.612210000000000321e+01,2.000000000000000000e+00
8.440600000000000000e+04,1.084765000000000100e+03,3.945067999999999984e+02,2.731770999999999958e+02,7.215000000000000302e-01,3.278247000000000071e+02,8.527100000000000000e+04,8.309999999999999609e-01,3.200000000000000153e-03,6.905000000000000027e-01,1.176417000000000002e+02,1.174835999999999956e+02,1.099680000000000035e+02,2.822449999999999903e+01,-7.859000000000000430e-01,-2.978999999999999981e-01,-2.521999999999999797e-01,3.290099999999999802e+00,2.657700000000000173e+00,-1.197022003200000000e+10,-1.173694771200000000e+10,-1.045041049600000000e+10,5.881640000000000157e+01,5.873780000000000001e+01,5.498149999999999693e+01,2.000000000000000000e+00
2.470360000000000000e+05,1.961301999999999907e+03,6.940135000000000218e+02,5.244564000000000306e+02,6.549000000000000377e-01,5.608351000000000113e+02,2.796280000000000000e+05,8.081000000000000405e-01,2.099999999999999870e-03,6.530000000000000249e-01,1.318418000000000063e+02,1.202329000000000008e+02,1.063024000000000058e+02,3.520409999999999684e+01,-3.724999999999999978e-01,-3.116999999999999771e-01,-2.053999999999999992e-01,2.353200000000000180e+00,2.379599999999999937e+00,-4.580090675200000000e+10,-3.787159142400000000e+10,-2.935080140800000000e+10,6.592579999999999529e+01,6.012160000000000082e+01,5.315579999999999927e+01,6.000000000000000000e+00
3.209050000000000000e+05,2.131251999999999953e+03,7.874968999999999824e+02,5.204378000000000384e+02,7.504999999999999449e-01,6.392096000000000231e+02,3.235700000000000000e+05,8.116999999999999771e-01,1.600000000000000077e-03,6.589000000000000412e-01,1.111931000000000012e+02,1.032197000000000031e+02,9.944689999999999941e+01,3.960779999999999745e+01,-1.048999999999999932e-01,-7.699999999999999900e-02,-4.257000000000000228e-01,1.892099999999999893e+00,1.685499999999999998e+00,-4.360381644800000000e+10,-3.855955148800000000e+10,-3.300509286400000000e+10,5.559239999999999782e+01,5.160679999999999978e+01,4.972149999999999892e+01,1.000000000000000000e+00
1.965610000000000000e+05,1.697086999999999989e+03,6.310634000000000015e+02,4.005577000000000112e+02,7.727000000000000535e-01,5.002692000000000121e+02,1.999090000000000000e+05,7.926999999999999602e-01,2.000000000000000042e-03,6.283999999999999586e-01,1.224855000000000018e+02,1.104424000000000063e+02,1.018516999999999939e+02,4.002329999999999899e+01,-7.900000000000000772e-03,1.723999999999999977e-01,-5.870000000000000218e-02,2.027299999999999880e+00,1.813499999999999890e+00,-3.231625625600000000e+10,-2.631709491200000000e+10,-2.133310873600000000e+10,6.124560000000000315e+01,5.522489999999999810e+01,5.092830000000000013e+01,6.000000000000000000e+00
3.103590000000000000e+05,2.138590099999999893e+03,8.380969999999999800e+02,4.723666999999999803e+02,8.259999999999999565e-01,6.286186000000000149e+02,3.137490000000000000e+05,7.500999999999999890e-01,1.500000000000000031e-03,5.625999999999999890e-01,1.189654000000000025e+02,1.129082999999999970e+02,1.096925999999999988e+02,3.209609999999999985e+01,-1.862999999999999934e-01,-2.600999999999999979e-01,-1.629999999999999852e-02,2.173399999999999999e+00,2.170999999999999819e+00,-4.597693644800000000e+10,-4.110326169600000000e+10,-3.771209318400000000e+10,5.947789999999999822e+01,5.645270000000000010e+01,5.484420000000000073e+01,6.000000000000000000e+00
4.253740000000000000e+05,2.466870100000000093e+03,8.470589999999999691e+02,6.476719000000000506e+02,6.444999999999999618e-01,7.359367999999999483e+02,4.323570000000000000e+05,8.688000000000000167e-01,1.500000000000000031e-03,7.548000000000000265e-01,1.256486000000000018e+02,1.187531000000000034e+02,1.118648000000000025e+02,3.558469999999999800e+01,-1.655999999999999972e-01,1.089999999999999997e-02,-1.241000000000000020e-01,2.434299999999999908e+00,2.353400000000000158e+00,-7.170637004800000000e+10,-6.252827443200000000e+10,-5.455966617600000000e+10,6.282529999999999859e+01,5.937819999999999965e+01,5.593370000000000175e+01,4.000000000000000000e+00
3.822430000000000000e+05,2.515008100000000013e+03,9.831814000000000533e+02,4.983077000000000112e+02,8.619999999999999885e-01,6.976295000000000073e+02,3.916490000000000000e+05,7.096000000000000085e-01,1.299999999999999940e-03,5.034999999999999476e-01,4.646130000000000138e+01,5.468130000000000024e+01,6.051680000000000348e+01,2.671519999999999939e+01,1.999000000000000110e+00,2.267999999999999794e+00,6.997999999999999776e-01,9.234199999999999520e+00,9.819200000000000372e+00,-9.377435648000000000e+09,-1.200982220800000000e+10,-1.378210406400000000e+10,2.323379999999999868e+01,2.734390000000000143e+01,3.026099999999999923e+01,5.000000000000000000e+00
2.168490000000000000e+05,1.730664999999999964e+03,6.425625999999999749e+02,4.319132000000000176e+02,7.403999999999999471e-01,5.254528999999999996e+02,2.186370000000000000e+05,8.176999999999999824e-01,2.000000000000000042e-03,6.686999999999999611e-01,9.392619999999999436e+01,8.368290000000000362e+01,7.976390000000000668e+01,3.141489999999999938e+01,-1.524000000000000077e-01,6.313999999999999613e-01,5.304999999999999716e-01,2.547000000000000153e+00,3.313299999999999912e+00,-1.994785996800000000e+10,-1.551407104000000000e+10,-1.371621376000000000e+10,4.696209999999999951e+01,4.184459999999999980e+01,3.988510000000000133e+01,6.000000000000000000e+00
1.361380000000000000e+05,1.404201000000000022e+03,5.309112000000000080e+02,3.292051000000000158e+02,7.844999999999999751e-01,4.163367000000000075e+02,1.377960000000000000e+05,7.842000000000000082e-01,2.399999999999999790e-03,6.149999999999999911e-01,1.264218999999999937e+02,1.235208999999999975e+02,1.027052999999999940e+02,3.141939999999999955e+01,-9.305999999999999828e-01,-3.889000000000000234e-01,-1.801000000000000101e-01,3.559000000000000163e+00,2.609300000000000175e+00,-2.273707008000000000e+10,-2.126227456000000000e+10,-1.453026816000000000e+10,6.322630000000000194e+01,6.176839999999999975e+01,5.136339999999999861e+01,2.000000000000000000e+00
2.923940000000000000e+05,2.104054000000000087e+03,7.865365000000000464e+02,4.763308000000000106e+02,7.957999999999999519e-01,6.101536999999999580e+02,2.986630000000000000e+05,7.756999999999999451e-01,1.600000000000000077e-03,6.018000000000000016e-01,4.934620000000000317e+01,5.904599999999999937e+01,7.091249999999999432e+01,1.693359999999999843e+01,2.936000000000000276e-01,1.334300000000000042e+00,-4.100000000000000346e-03,3.289699999999999847e+00,7.909900000000000375e+00,-6.457776640000000000e+09,-9.574863872000000000e+09,-1.399626854400000000e+10,2.467490000000000094e+01,2.952370000000000161e+01,3.545799999999999841e+01,5.000000000000000000e+00
1.433560000000000000e+05,1.426459000000000060e+03,5.508297000000000025e+02,3.316247999999999934e+02,7.984999999999999876e-01,4.272312000000000012e+02,1.442490000000000000e+05,7.755999999999999561e-01,2.299999999999999961e-03,6.016000000000000236e-01,1.166430000000000007e+02,1.191972999999999985e+02,1.064352999999999980e+02,3.923109999999999786e+01,-4.753000000000000003e-01,-5.714000000000000190e-01,-5.239000000000000323e-01,2.054699999999999971e+00,2.005300000000000082e+00,-2.129227980800000000e+10,-2.196100505600000000e+10,-1.684460953600000000e+10,5.831450000000000244e+01,5.959239999999999782e+01,5.321020000000000039e+01,2.000000000000000000e+00
1.433910000000000000e+05,1.416605999999999995e+03,5.444252999999999929e+02,3.359413999999999874e+02,7.869000000000000439e-01,4.272833999999999719e+02,1.442110000000000000e+05,7.848000000000000531e-01,2.299999999999999961e-03,6.159999999999999920e-01,1.155527000000000015e+02,1.133418999999999954e+02,1.049526999999999930e+02,2.924289999999999878e+01,-8.438999999999999835e-01,-4.278000000000000136e-01,-3.397000000000000020e-01,3.125399999999999956e+00,2.532399999999999984e+00,-1.969771929600000000e+10,-1.849943040000000000e+10,-1.612265267200000000e+10,5.777640000000000242e+01,5.667229999999999990e+01,5.247800000000000153e+01,2.000000000000000000e+00
3.711200000000000000e+05,2.364002899999999954e+03,7.963392000000000053e+02,6.019151000000000522e+02,6.546999999999999487e-01,6.874043000000000347e+02,3.772020000000000000e+05,8.631999999999999673e-01,1.600000000000000077e-03,7.450999999999999845e-01,1.272360000000000042e+02,1.161911000000000058e+02,1.072027999999999963e+02,2.309250000000000114e+01,-4.153000000000000025e-01,7.530000000000000582e-02,-4.909999999999999781e-02,3.426200000000000134e+00,3.859300000000000175e+00,-6.072845926400000000e+10,-4.976537600000000000e+10,-4.382236672000000000e+10,6.361889999999999645e+01,5.809550000000000125e+01,5.360220000000000340e+01,4.000000000000000000e+00
3.719940000000000000e+05,2.623856900000000223e+03,9.514442000000000235e+02,5.028416000000000281e+02,8.488999999999999879e-01,6.882133000000000038e+02,3.843420000000000000e+05,7.233000000000000540e-01,1.399999999999999986e-03,5.231999999999999984e-01,5.709179999999999922e+01,6.276440000000000197e+01,7.367069999999999652e+01,2.060620000000000118e+01,1.316200000000000037e+00,2.125000000000000000e+00,3.850000000000000089e-01,7.668199999999999683e+00,1.036239999999999917e+01,-1.159169638400000000e+10,-1.422747955200000000e+10,-1.895980032000000000e+10,2.854599999999999937e+01,3.138040000000000163e+01,3.683359999999999701e+01,5.000000000000000000e+00
3.103420000000000000e+05,2.140462899999999991e+03,7.135881000000000540e+02,5.789772000000000389e+02,5.845000000000000195e-01,6.286014000000000124e+02,3.261940000000000000e+05,8.809000000000000163e-01,1.899999999999999996e-03,7.760000000000000231e-01,1.246178000000000026e+02,1.233341999999999956e+02,1.131726000000000028e+02,3.909689999999999799e+01,-1.037000000000000005e-01,-5.750000000000000250e-02,-2.225000000000000033e-01,2.031000000000000139e+00,2.149199999999999999e+00,-5.248422297600000000e+10,-5.001346662400000000e+10,-4.052069580800000000e+10,6.230919999999999703e+01,6.166790000000000305e+01,5.658700000000000330e+01,4.000000000000000000e+00
2.536770000000000000e+05,1.859242999999999938e+03,6.665268999999999551e+02,4.867167999999999779e+02,6.832000000000000295e-01,5.683234999999999673e+02,2.556260000000000000e+05,8.527000000000000135e-01,1.899999999999999996e-03,7.269999999999999796e-01,1.160327999999999946e+02,1.079389999999999930e+02,1.096689999999999969e+02,3.435660000000000025e+01,-2.419999999999999929e-01,-1.948000000000000009e-01,-1.430000000000000021e-02,2.134900000000000020e+00,1.904700000000000060e+00,-3.619301785600000000e+10,-3.186922291200000000e+10,-3.272705024000000000e+10,5.801449999999999818e+01,5.396790000000000020e+01,5.483250000000000313e+01,1.000000000000000000e+00
1.797320000000000000e+05,1.645202999999999975e+03,6.478384999999999536e+02,3.544338999999999942e+02,8.370999999999999552e-01,4.783741999999999734e+02,1.815750000000000000e+05,7.383999999999999453e-01,2.000000000000000042e-03,5.453000000000000069e-01,9.360290000000000532e+01,8.713599999999999568e+01,9.542950000000000443e+01,2.475710000000000122e+01,1.810000000000000150e-02,8.094000000000000083e-01,6.843000000000000194e-01,2.647600000000000176e+00,4.612300000000000288e+00,-1.562284544000000000e+10,-1.329748889600000000e+10,-1.597297152000000000e+10,4.679590000000000316e+01,4.356819999999999737e+01,4.771340000000000003e+01,2.000000000000000000e+00
3.001030000000000000e+05,2.210626999999999953e+03,8.815924999999999727e+02,4.385842999999999847e+02,8.675000000000000488e-01,6.181448000000000320e+02,3.106120000000000000e+05,7.012000000000000455e-01,1.500000000000000031e-03,4.915999999999999814e-01,3.874320000000000164e+01,4.298619999999999663e+01,5.309420000000000073e+01,1.840909999999999869e+01,2.220000000000000195e+00,2.602399999999999824e+00,6.971000000000000529e-01,1.400810000000000066e+01,1.480910000000000082e+01,-4.386896896000000000e+09,-5.256818688000000000e+09,-7.868140544000000000e+09,1.937150000000000105e+01,2.149589999999999890e+01,2.654820000000000135e+01,5.000000000000000000e+00
1.929660000000000000e+05,1.718126999999999953e+03,6.562818999999999505e+02,4.333523000000000138e+02,7.510000000000000009e-01,4.956732000000000085e+02,2.122940000000000000e+05,7.552999999999999714e-01,2.200000000000000133e-03,5.704000000000000181e-01,1.405046000000000106e+02,1.442007000000000119e+02,1.261971999999999952e+02,3.765879999999999939e+01,-6.827999999999999625e-01,-6.078999999999999959e-01,-5.897000000000000020e-01,2.722999999999999865e+00,2.795799999999999841e+00,-4.115979468800000000e+10,-4.284630220800000000e+10,-3.227302707200000000e+10,7.025629999999999598e+01,7.210559999999999548e+01,6.310309999999999775e+01,1.000000000000000000e+00
1.402760000000000000e+05,1.396465899999999920e+03,5.157888000000000375e+02,3.469041000000000281e+02,7.399999999999999911e-01,4.226168000000000120e+02,1.418500000000000000e+05,8.194000000000000172e-01,2.500000000000000052e-03,6.713999999999999968e-01,6.768049999999999500e+01,6.768149999999999977e+01,8.091599999999999682e+01,2.073849999999999838e+01,1.935999999999999943e-01,7.227999999999999980e-01,2.102999999999999869e-01,3.132699999999999818e+00,5.315500000000000114e+00,-6.105571840000000000e+09,-6.109187072000000000e+09,-9.001221120000000000e+09,3.382959999999999923e+01,3.383299999999999841e+01,4.045049999999999812e+01,2.000000000000000000e+00
1.624130000000000000e+05,1.540894000000000005e+03,5.884891999999999825e+02,3.521533000000000015e+02,8.012000000000000233e-01,4.547423999999999751e+02,1.643380000000000000e+05,7.727000000000000535e-01,2.200000000000000133e-03,5.970999999999999641e-01,1.043718999999999966e+02,1.060769999999999982e+02,9.956719999999999970e+01,3.233610000000000184e+01,-5.929999999999999855e-02,2.298999999999999932e-01,3.929000000000000270e-01,2.409899999999999931e+00,2.688600000000000101e+00,-1.852557926400000000e+10,-1.884653568000000000e+10,-1.694967910400000000e+10,5.218229999999999791e+01,5.303640000000000043e+01,4.978029999999999688e+01,2.000000000000000000e+00
3.044740000000000000e+05,2.109018999999999778e+03,8.002658000000000129e+02,4.859590000000000032e+02,7.944999999999999840e-01,6.226301999999999452e+02,3.080220000000000000e+05,7.780000000000000249e-01,1.600000000000000077e-03,6.052999999999999492e-01,9.576630000000000109e+01,7.709310000000000684e+01,7.523229999999999507e+01,2.596389999999999887e+01,-2.346999999999999920e-01,9.690999999999999615e-01,8.161000000000000476e-01,2.860899999999999999e+00,4.655800000000000161e+00,-2.794874060800000000e+10,-1.795334963200000000e+10,-1.717083545600000000e+10,4.788329999999999842e+01,3.854869999999999663e+01,3.761829999999999785e+01,6.000000000000000000e+00
